abate;to reduce, lessen;(The rain poured down for a while, then abated.)
abduct;to kidnap, take by force;(The evildoers abducted the fairy princess from her happy home.)
aberration;something that differs from the norm;(In 1918, the Boston Red Sox won the World Series, but the success turned out to be an aberration, and the Red Sox have not won a World Series since.)
abet;to aid, help, encourage;(The spy succeeded only because he had a friend on the inside to abet him.)
abdicate;to give up a position, usually one of leadership;(When he realized that the revolutionaries would surely win, the king abdicated his throne.)
abhor;to hate, detest;(Because he always wound up kicking himself in the head when he tried to play soccer, Oswald began to abhor the sport.)
abject;wretched, pitiful;(After losing all her money, falling into a puddle, and breaking her ankle, Eloise was abject.)
abjure;to reject, renounce;(To prove his honesty, the President abjured the evil policies of his wicked predecessor.)
abnegation;denial of comfort to oneself;(The holy man slept on the floor, took only cold showers, and generally followed other practices of abnegation.)
abort;to give up on a half-finished project or effort;(After they ran out of food, the men, attempting to jump rope around the world, had to abort and go home.)
abrogate;to abolish, usually by authority;(The Bill of Rights assures that the government cannot abrogate our right to a free press.)
abscond;to sneak away and hide;(In the confusion, the super-spy absconded into the night with the secret plans.)
absolution;freedom from blame, guilt, sin;(Once all the facts were known, the jury gave Angela absolution by giving a verdict of not guilty.)
abstain;to freely choose not to commit an action;(Everyone demanded that Angus put on the kilt, but he did not want to do it and abstained.)
abstruse;hard to comprehend;(Everyone else in the class understood geometry easily, but John found the subject abstruse.)
accede;to agree;(When the class asked the teacher whether they could play baseball instead of learn grammar they expected him to refuse, but instead he acceded to their request.)
accentuate;to stress, highlight;(Psychologists agree that those people who are happiest accentuate the positive in life.)
accessible;obtainable, reachable;(After studying with SparkNotes and getting a great score on the SAT, Marlena happily realized that her goal of getting into an Ivy-League college was accessible.)
acclaim; high praise;(Greg’s excellent poem won the acclaim of his friends.);
accolade;high praise, special distinction;(Everyone offered accolades to Sam after he won the Noble Prize.)
accommodating;helpful, obliging, polite;(Though the apartment was not big enough for three people, Arnold, Mark, and Zebulon were all friends and were accommodating to each other.)
accord;an agreement;(After much negotiating, England and Iceland finally came to a mutually beneficial accord about fishing rights off the cost of Greenland.)
accost;to confront verbally;(Though Antoinette was normally quite calm, when the waiter spilled soup on her for the fourth time in 15 minutes she stood up and accosted the man.)
accretion; slow growth in size or amount;(Stalactites are formed by the accretion of minerals from the roofs of caves.);
acerbic;biting, bitter in tone or taste;(Jill became extremely acerbic and began to cruelly make fun of all her friends.)
acquiesce;to agree without protesting;(Though Mr. Correlli wanted to stay outside and work in his garage, when his wife told him that he had better come in to dinner, he acquiesced to her demands.)
acumen;keen insight;(Because of his mathematical acumen, Larry was able to figure out in minutes problems that took other students hours.)
adamant;impervious, immovable, unyielding;(Though public pressure was intense, the President remained adamant about his proposal.)
adept; extremely skilled;(Tarzan was adept at jumping from tree to tree like a monkey.);
acrimony;bitterness, discord;(Though they vowed that no girl would ever come between them, Biff and Trevor could not keep acrimony from overwhelming their friendship after they both fell in love with the lovely Teresa.)
admonish;to caution, criticize, reprove;(Joe’s mother admonished him not to ruin his appetite by eating cookies before dinner.)
adorn; to decorate;(We adorned the tree with ornaments.);
adroit;skillful, dexterous;(The adroit thief could pick someone’s pocket without attracting notice.)
adulation;extreme praise;(Though the book was pretty good, Marcy did not believe it deserved the adulation it received.)
adumbrate;to sketch out in a vague way;(The coach adumbrated a game plan, but none of the players knew precisely what to do.)
adverse;antagonistic, unfavorable, dangerous;(Because of adverse conditions, the hikers decided to give up trying to climb the mountain.)
aerial; somehow related to the air;(We watched as the fighter planes conducted aerial maneuvers.);
aesthetic;artistic, related to the appreciation of beauty;(We hired Susan as our interior decorator because she has such a fine aesthetic sense.)
affable;friendly, amiable;(People like to be around George because he is so affable and good-natured.)
affinity;a spontaneous feeling of closeness;(Jerry didn’t know why, but he felt an incredible affinity for Kramer the first time they met.)
affluent;rich, wealthy;(Mrs. Grebelski was affluent, owning a huge house, three cars, and an island near Maine.)
affront;an insult;(Bernardo was very touchy, and took any slight as an affront to his honor.)
aggrandize; to increase or make greater;(Joseph always dropped the names of the famous people his father knew as a way to aggrandize his personal stature.);
aggrieved;distressed, wronged, injured;(The foreman mercilessly overworked his aggrieved employees.)
agile;quick, nimble;(The dogs were too slow to catch the agile rabbit.)
agnostic;believing that the existence of God cannot be proven or disproven;(Joey’s parents are very religious, but he is agnostic.)
agriculture;farming;(It was a huge step in the progress of civilization when tribes left hunting and gathering and began to develop more sustainable methods of obtaining food, such as agriculture.)
aisle; a passageway between rows of seats;(Once we got inside the stadium we walked down the aisle to our seats.);
alacrity;eagerness, speed;(For some reason, Chuck loved to help his mother whenever he could, so when his mother asked him to set the table he did so with alacrity.)
alias; a false name or identity;(He snuck past the guards by using an alias and fake ID.);
allay;to soothe, ease;(The chairman of the Federal Reserve gave a speech to try to allay investors’ fears about an economic downturn.)
alleviate;to relieve, make more bearable;(This drug will alleviate the symptoms of the terrible disease, but only for a while.)
allocate;to distribute, set aside;(The Mayor allocated 30 percent of the funds for improving the town’s schools.)
aloof;reserved, distant;(The scientist could sometimes seem aloof, as if he didn’t care about his friends or family, but really he was just thinking about quantum mechanics.)
altercation;a dispute, fight;(Jason and Lionel blamed one another for the car accident, leading to an altercation.)
allege;to assert, usually without proof;(The policeman had alleged that Marshall committed the crime, but after the investigation turned up no evidence, Marshall was set free.)
amalgamate;to bring together, unite;(Because of his great charisma, the presidential candidate was able to amalgamate all democrats and republicans under his banner.)
ambiguous;uncertain, variably interpretable;(Some people think Caesar married Cleopatra for her power, others believe he was charmed by her beauty. His actual reasons are ambiguous.)
ambivalent;having opposing feelings;(My feelings about Calvin are ambivalent because on one hand he is a loyal friend, but on the other, he is a cruel and vicious thief.)
ameliorate; to improve;(The tense situation was ameliorated when Sam proposed a solution everyone could agree upon.);
amenable;willing, compliant;(Our father was amenable when we asked him to drive us to the farm so we could go apple picking.)
amenity;an item that increases comfort;(Bill Gates’s house is stocked with so many amenities, he never has to do anything for himself.)
amiable;friendly;(An amiable fellow, Harry got along with just about everyone.)
amicable;friendly;(Claudia and Jimmy got divorced, but amicably and without hard feelings.)
amorous;showing love, particularly sexual;(Whenever Albert saw Mariah wear her slinky red dress, he began to feel quite amorous.)
amorphous;without definite shape or type;(The effort was doomed from the start, because the reasons behind it were so amorphous and hard to pin down.)
anachronistic;being out of correct chronological order;(In this book you’re writing, you say that the Pyramids were built after the Titanic sank, which is anachronistic.)
analgesic; something that reduces pain;(Put this analgesic on the wound so that the poor man at least feels a little better.);
analogous;similar to, so that an analogy can be drawn;(Though they are unrelated genetically, the bone structure of whales and fish is quite analogous.)
anarchist;one who wants to eliminate all government;(An anarchist, Carmine wanted to dissolve every government everywhere.)
anathema;a cursed, detested person;(I never want to see that murderer. He is an anathema to me.)
anecdote;a short, humorous account;(After dinner, Marlon told an anecdote about the time he got his nose stuck in a toaster.)
anesthesia;loss of sensation;(When the nerves in his spine were damaged, Mr. Hollins suffered anesthesia in his legs.)
anguish;extreme sadness, torment;(Angelos suffered terrible anguish when he learned that Buffy had died while combating a strange mystical force of evil.)
animated;lively;(When he begins to talk about drama, which is his true passion, he becomes very animated.)
annul;to make void or invalid;(After seeing its unforeseen and catastrophic effects, Congress sought to annul the law.)
anomaly;something that does not fit into the normal order;(“That rip in the spacetime continuum is certainly a spatial anomaly,” said Spock to Captain Kirk.)
anonymous;being unknown, unrecognized;(Mary received a love poem from an anonymous admirer.)
antagonism;hostility;(Superman and Bizarro Superman shared a mutual antagonism, and often fought.)
antecedent; something that came before;(The great tradition of Western culture had its antecedent in the culture of Ancient Greece.);
anthology;a selected collection of writings, songs, etc.;(The new anthology of Bob Dylan songs contains all his greatest hits and a few songs that you might never have heard before.)
antipathy;a strong dislike, repugnance;(I know you love me, but because you are a liar and a thief, I feel nothing but antipathy for you.)
antiquated;old, out of date;(That antiquated car has none of the features, like power windows and steering, that make modern cars so great.)
antiseptic;clean, sterile;(The antiseptic hospital was very bare, but its cleanliness helped to keep patients healthy.)
antediluvian; ancient;(The antediluvian man still believed that Eisenhower was president of the United States and that hot dogs cost a nickel.);
antithesis;the absolute opposite;(Your values, which hold war and violence in the highest esteem, are the antithesis of my pacifist beliefs.)
anxiety;intense uneasiness;(When he heard about the car crash, he felt anxiety because he knew that his girlfriend had been driving on the road where the accident occurred.)
apathetic;lacking concern, emotion;(Uninterested in politics, Bruno was apathetic about whether he lived under a capitalist or communist regime.)
apocryphal;fictitious, false, wrong;(Because I am standing before you, it seems obvious that the stories circulating about my demise were apocryphal.)
appalling;inspiring shock, horror, disgust;(The judge found the murderer’s crimes and lack of remorse appalling.)
appease;to calm, satisfy;(When the child cries, the mother gives him candy to appease him.)
appraise; to assess the worth or value of;(A realtor will come over tonight to appraise our house.);
approbation; praise;(The crowd welcomed the heroes with approbation.);
appropriate;to take, make use of;(The government appropriated the farmer’s land without justification.)
aquatic; relating to water;(The marine biologist studies starfish and other aquatic creatures.);
arable; suitable for growing crops;(The farmer purchased a plot of arable land on which he will grow corn and sprouts.);
arbiter;one who can resolve a dispute, make a decision;(The divorce court judge will serve as the arbiter between the estranged husband and wife.)
arbitrary; based on factors that appear random;(The boy’s decision to choose one college over another seems arbitrary.);
arbitration; the process or act of resolving a dispute;(The employee sought official arbitration when he could not resolve a disagreement with his supervisor.);
arboreal;of or relating to trees;(Leaves, roots, and bark are a few arboreal traits.)
arcane;obscure, secret, known only by a few;(The professor is an expert in arcane Lithuanian literature.)
archaic;of or relating to an earlier period in time, outdated;(In a few select regions of Western Mongolian, an archaic Chinese dialect is still spoken.)
archetypal;the most representative or typical example of something;(Some believe George Washington, with his flowing white hair and commanding stature, was the archetypal politician.)
ardor;extreme vigor, energy, enthusiasm;(The soldiers conveyed their ardor with impassioned battle cries.)
arid; excessively dry;(Little other than palm trees and cacti grow successfully in arid environments.);
arrogate; to take without justification;(The king arrogated the right to order executions to himself exclusively.);
artifact; a remaining piece from an extinct culture or place;(The scientists spent all day searching the cave for artifacts from the ancient Mayan civilization.);
artisan; a craftsman;(The artisan uses wood to make walking sticks.);
ascertain;to perceive, learn;(With a bit of research, the student ascertained that some plants can live for weeks without water.)
ascetic;practicing restraint as a means of self-discipline, usually religious;(The priest lives an ascetic life devoid of television, savory foods, and other pleasures.)
ascribe;to assign, credit, attribute to;(Some ascribe the invention of fireworks and dynamite to the Chinese.)
aspire;to long for, aim toward;(The young poet aspires to publish a book of verse someday.)
assail;to attack;(At dawn, the war planes assailed the boats in the harbor.)
assess; to evaluate;(A crew arrived to assess the damage after the crash.);
assiduous;hard-working, diligent;(The construction workers erected the skyscraper during two years of assiduous labor.)
assuage;to ease, pacify;(The mother held the baby to assuage its fears.)
aspersion;a curse, expression of ill-will;(The rival politicians repeatedly cast aspersions on each others’ integrity.)
astute;very clever, crafty;(Much of Roger’s success in politics results from his ability to provide astute answers to reporters’ questions.)
atone;to repent, make amends;(The man atoned for forgetting his wife’s birthday by buying her five dozen roses.)
atrophy;to wither away, decay;(If muscles do not receive enough blood, they will soon atrophy and die.)
attain;to achieve, arrive at;(The athletes strived to attain their best times in competition.)
atypical;not typical, unusual;(Screaming and crying is atypical adult behavior.)
audacious; excessively bold;(The security guard was shocked by the fan’s audacious attempt to offer him a bribe.);
audible; able to be heard;(The missing person’s shouts were unfortunately not audible.);
augment;to add to, expand;(The eager student seeks to augment his knowledge of French vocabulary by reading French literature.)
auspicious;favorable, indicative of good things;(The tennis player considered the sunny forecast an auspicious sign that she would win her match.)
austere;very bare, bleak;(The austere furniture inside the abandoned house made the place feel haunted.)
avarice; excessive greed;(The banker’s avarice led him to amass a tremendous personal fortune.);
avenge; to seek revenge;(The victims will take justice into their own hands and strive to avenge themselves against the men who robbed them.);
aversion;a particular dislike for something;(Because he’s from Hawaii, Ben has an aversion to autumn, winter, and cold climates in general.)
balk;to stop, block abruptly;(Edna’s boss balked at her request for another raise.)
ballad; a love song;(Greta’s boyfriend played her a ballad on the guitar during their walk through the dark woods.);
banal;dull, commonplace;(The client rejected our proposal because they found our presentation banal and unimpressive.)
bane; a burden;(Advanced physics is the bane of many students’ academic lives.);
bard;a poet, often a singer as well;(Shakespeare is often considered the greatest bard in the history of the English language.)
bashful;shy, excessively timid;(Frankie’s mother told him not to be bashful when he refused to attend the birthday party.)
beguile;to trick, deceive;(The thief beguiled his partners into surrendering all of their money to him.)
behemoth; something of tremendous power or size;(The new aircraft carrier is among several behemoths that the Air Force has added to its fleet.);
benevolent; marked by goodness or doing good;(Police officers should be commended for their benevolent service to the community.);
bequeath;to pass on, give;(Jon’s father bequeathed his entire estate to his mother.)
berate; to scold vehemently;(The angry boss berated his employees for failing to meet their deadline.);
bereft;devoid of, without;(His family was bereft of food and shelter following the tornado.)
beseech;to beg, plead, implore;(The servant beseeched the king for food to feed his starving family.)
bias;a tendency, inclination, prejudice;(The judge’s hidden bias against smokers led him to make an unfair decision.)
benign;favorable, not threatening, mild;(We were all relieved to hear that the medical tests determined her tumor to be benign.)
bilk;cheat, defraud;(The lawyer discovered that this firm had bilked several clients out of thousands of dollars.)
blandish; to coax by using flattery;(Rachel’s assistant tried to blandish her into accepting the deal.);
blemish;an imperfection, flaw;(The dealer agreed to lower the price because of the many blemishes on the surface of the wooden furniture.)
boisterous; loud and full of energy;(The candidate won the vote after giving several boisterous speeches on television.);
bombastic;excessively confident, pompous;(The singer’s bombastic performance disgusted the crowd.)
boon; a gift or blessing;(The good weather has been a boon for many businesses located near the beach.);
bourgeois;a middle-class person, capitalist;(Many businessmen receive criticism for their bourgeois approach to life.)
brazen;excessively bold, brash;(Critics condemned the novelist’s brazen attempt to plagiarize Hemingway’s story.)
brusque;short, abrupt, dismissive;(The captain’s brusque manner offended the passengers.)
burnish;to polish, shine;(His mother asked him to burnish the silverware before setting the table.)
cacophony;tremendous noise, disharmonious sound;(The elementary school orchestra created a cacophony at the recital.)
cadence;a rhythm, progression of sound;(The pianist used the foot pedal to emphasize the cadence of the sonata.)
cajole;to urge, coax;(Fred’s buddies cajoled him into attending the bachelor party.)
calamity; an event with disastrous consequences;(The earthquake in San Francisco was a calamity worse than any other natural disaster in history.);
calibrate;to set, standardize;(The mechanic calibrated the car’s transmission to make the motor run most efficiently.)
callous;harsh, cold, unfeeling;(The murderer’s callous lack of remorse shocked the jury.)
calumny; an attempt to spoil someone else’s reputation by spreading lies;(The local official’s calumny ended up ruining his opponent’s prospect of winning the election.);
camaraderie;brotherhood, jovial unity;(Camaraderie among employees usually leads to success in business.)
candor;honesty, frankness;(We were surprised by the candor of the mayor’s speech because he is usually rather evasive.)
canny;shrewd, careful;(The canny runner hung at the back of the pack through much of the race to watch the other runners, and then sprinted past them at the end.)
capacious; very spacious;(The workers delighted in their new capacious office space.);
capricious;subject to whim, fickle;(The young girl’s capricious tendencies made it difficult for her to focus on achieving her goals.)
captivate;to get the attention of, hold;(The fireworks captivated the young boy, who had never seen such things before.)
carouse;to party, celebrate;(We caroused all night after getting married.)
carp;to annoy, pester;(The husband divorced his wife after listening to her carping voice for decades.)
capitulate; to surrender;(The army finally capitulated after fighting a long costly battle.);
catalyze;to charge, inspire;(The president’s speech catalyzed the nation and resuscitated the economy.)
caucus; a meeting usually held by people working toward the same goal;(The ironworkers held a caucus to determine how much of a pay increase they would request.);
caustic;bitter, biting, acidic;(The politicians exchanged caustic insults for over an hour during the debate.)
cavort;to leap about, behave boisterously;(The adults ate their dinners on the patio, while the children cavorted around the pool.)
cerebral; related to the intellect;(The books we read in this class are too cerebral— they don’t engage my emotions at all.);
chaos; absolute disorder;(Mr. Thornton’s sudden departure for the lavatory plunged his classroom into chaos.);
chastise;to criticize severely;(After being chastised by her peers for mimicking Britney Spears, Miranda dyed her hair black and affected a Gothic style.)
cherish;to feel or show affection toward something;(She continued to cherish her red plaid trousers, even though they had gone out of style and no longer fit her.)
chide; to voice disapproval;(Lucy chided Russell for his vulgar habits and sloppy appearance.);
choreography;the arrangement of dances;(The plot of the musical was banal, but the choreography was stunning.)
chronological;arranged in order of time;(Lionel carefully arranged the snapshots of his former girlfriends in chronological order, and then set fire to them.)
circuitous; roundabout;(The bus’s circuitous route took us through numerous outlying suburbs.);
circumlocution; indirect and wordy language;(The professor’s habit of speaking in circumlocutions made it difficult to follow his lectures.);
circumscribed;marked off, bounded;(The children were permitted to play tag only within a carefully circumscribed area of the lawn.)
circumspect;cautious;(Though I promised Rachel’s father I would bring her home promptly by midnight, it would have been more circumspect not to have specified a time.)
circumvent;to get around;(The school’s dress code forbidding navel-baring jeans was circumvented by the determined students, who were careful to cover up with long coats when administrators were nearby.)
clairvoyant; able to perceive things that normal people cannot;(Zelda’s uncanny ability to detect my lies was nothing short of clairvoyant.);
clandestine;secret;(Announcing to her boyfriend that she was going to the gym, Sophie actually went to meet Joseph for a clandestine liaison.)
clergy;members of Christian holy orders;(Though the villagers viewed the church rectory as quaint and charming, the clergy who lived there regarded it as a mildewy and dusty place that aggravated their allergies.)
cloying;sickeningly sweet;(Though Ronald was physically attractive, Maud found his constant compliments and solicitous remarks cloying.)
coagulate;to thicken, clot;(The top layer of the pudding had coagulated into a thick skin.)
clemency;mercy;(After he forgot their anniversary, Martin could only beg Maria for clemency.)
coalesce; to fuse into a whole;(Gordon’s ensemble of thrift-shop garments coalesced into a surprisingly handsome outfit.);
cobbler; a person who makes or repairs shoes;(I had my neighborhood cobbler replace my worn-out leather soles with new ones.);
coerce; to make somebody do something by force or threat;(The court decided that Vanilla Ice did not have to honor the contract because he had been coerced into signing it.);
cogent; intellectually convincing;(Irene’s arguments in favor of abstinence were so cogent that I could not resist them.);
cognizant;aware, mindful;(Jake avoided speaking to women in bars because he was cognizant of the fact that drinking impairs his judgment.)
coherent;logically consistent, intelligible;(Renee could not figure out what Monroe had seen because he was too distraught to deliver a coherent statement.)
colloquial; characteristic of informal conversation;(Adam’s essay on sexual response in primates was marked down because it contained too many colloquial expressions.);
collusion;secret agreement, conspiracy;(The three law students worked in collusion to steal the final exam.)
colossus;a gigantic statue or thing;(For 56 years, the ancient city of Rhodes featured a colossus standing astride its harbor.)
combustion; the act or process of burning;(The unexpected combustion of the prosecution’s evidence forced the judge to dismiss the case against Ramirez.);
commendation;a notice of approval or recognition;(Jared received a commendation from Linda, his supervisor, for his stellar performance.)
commensurate; corresponding in size or amount;(Ahab selected a very long roll and proceeded to prepare a tuna salad sandwich commensurate with his enormous appetite.);
commodious;roomy;(Holden invited the three women to join him in the back seat of the taxicab, assuring them that the car was quite commodious.)
compelling;forceful, demanding attention;(Eliot’s speech was so compelling that Lenore accepted his proposal on the spot.)
compensate; to make an appropriate payment for something;(Reginald bought Sharona a new dress to compensate her for the one he’d spilled his ice cream on.);
complacency; self-satisfied ignorance of danger;(Colin tried to shock his friends out of their complacency by painting a frightening picture of what might happen to them.);
complement;to complete, make perfect;(Ann’s scarf complements her blouse beautifully, making her seem fully dressed even though she isn’t wearing a coat.)
compliant;ready to adapt oneself to another’s wishes;(Sue had very strong opinions about what to do on a first date, and Ted was absolutely compliant.)
complicit;being an accomplice in a wrongful act;(By keeping her daughter’s affair a secret, Maddie became complicit in it.)
compliment; an expression of esteem or approval;(I blushed crimson when Emma gave me a compliment on my new haircut.);
compress;to apply pressure, squeeze together;(Lynn compressed her lips into a frown.)
compunction; distress caused by feeling guilty;(He felt compunction for the shabby way he’d treated her.);
concede; to accept as valid;(Andrew had to concede that what his mother said about Diana made sense.);
conciliatory;friendly, agreeable;(I took Amanda’s invitation to dinner as a very conciliatory gesture.)
comprehensive; including everything;(She sent me a comprehensive list of the ingredients needed to cook rabbit soufflé.);
concise;brief and direct in expression;(Gordon did not like to waste time, and his instructions to Brenda were nothing if not concise.)
concoct;to fabricate, make up;(She concocted the most ridiculous story to explain her absence.)
concomitant; accompanying in a subordinate fashion;(His dislike of hard work carried with it a concomitant lack of funds.);
concord;harmonious agreement;(Julie and Harold began the evening with a disagreement, but ended it in a state of perfect concord.)
condolence; an expression of sympathy in sorrow;(Brian lamely offered his condolences on the loss of his sister’s roommate’s cat.);
condone;to pardon, deliberately overlook;(He refused to condone his brother’s crime.)
conduit; a pipe or channel through which something passes;(The water flowed through the conduit into the container.);
confection;a sweet, fancy food;(We went to the mall food court and purchased a delicious confection.)
confidant;a person entrusted with secrets;(Shortly after we met, she became my chief confidant.)
conflagration; great fire;(The conflagration consumed the entire building.);
confluence; a gathering together;(A confluence of different factors made tonight the perfect night.);
conformist; one who behaves the same as others;(Julian was such a conformist that he had to wait and see if his friends would do something before he would commit.);
confound;to frustrate, confuse;(MacGuyver confounded the policemen pursuing him by covering his tracks.)
congeal; to thicken into a solid;(The sauce had congealed into a thick paste.);
congenial; pleasantly agreeable;(His congenial manner made him popular wherever he went.);
congregation;a gathering of people, especially for religious services;(The priest told the congregation that he would be retiring.)
congruity; the quality of being in agreement;(Bill and Veronica achieved a perfect congruity of opinion.);
connive;to plot, scheme;(She connived to get me to give up my vacation plans.)
consecrate; to dedicate something to a holy purpose;(Arvin consecrated his spare bedroom as a shrine to Christina.);
consensus; an agreement of opinion;(The jury was able to reach a consensus only after days of deliberation.);
consign;to give something over to another’s care;(Unwillingly, he consigned his mother to a nursing home.)
consolation; an act of comforting;(Darren found Alexandra’s presence to be a consolation for his suffering.);
consonant; in harmony;(The singers’ consonant voices were beautiful.);
constituent; an essential part;(The most important constituent of her perfume is something called ambergris.);
constrain; to forcibly restrict;(His belief in nonviolence constrained him from taking revenge on his attackers.);
construe; to interpret;(He construed her throwing his clothes out the window as a signal that she wanted him to leave.);
consummate; to complete a deal;to complete a marriage ceremony through sexual intercourse;(Erica and Donald consummated their agreement in the executive boardroom.)
consumption; the act of consuming;(Consumption of intoxicating beverages is not permitted on these premises.);
contentious; having a tendency to quarrel or dispute;(George’s contentious personality made him unpopular with his classmates.);
contravene;to contradict, oppose, violate;(Edwidge contravened his landlady’s rule against overnight guests.)
contrite;penitent, eager to be forgiven;(Blake’s contrite behavior made it impossible to stay angry at him.)
contusion;bruise, injury;(The contusions on his face suggested he’d been in a fight.)
contemporaneous;existing during the same time;(Though her novels do not feature the themes of Romanticism, Jane Austen’s work was contemporaneous with that of Wordsworth and Byron.)
conundrum;puzzle, problem;(Interpreting Jane’s behavior was a constant conundrum.)
convene; to call together;(Jason convened his entire extended family for a discussion.);
convivial;characterized by feasting, drinking, merriment;(The restaurant’s convivial atmosphere put me immediately at ease.)
convoluted;intricate, complicated;(Grace’s story was so convoluted that I couldn’t follow it.)
copious;profuse, abundant;(Copious amounts of Snapple were imbibed in the cafeteria.)
cordial;warm, affectionate;(His cordial greeting melted my anger at once.)
coronation; the act of crowning;(The new king’s coronation occurred the day after his father’s death.);
corpulence;extreme fatness;(Henry’s corpulence did not make him any less attractive to his charming, svelte wife.)
corroborate; to support with evidence;(Luke’s seemingly outrageous claim was corroborated by witnesses.);
corrosive; having the tendency to erode or eat away;(The effect of the chemical was highly corrosive.);
cosmopolitan;sophisticated, worldly;(Lloyd’s education and upbringing were cosmopolitan, so he felt right at home among the powerful and learned.)
counteract;to neutralize, make ineffective;(The antidote counteracted the effect of the poison.)
covet;to desire enviously;(I coveted Moses’s house, wife, and car.)
covert;secretly engaged in;(Nerwin waged a covert campaign against his enemies, while outwardly appearing to remain friendly.)
credulity; readiness to believe;(His credulity made him an easy target for con men.);
crescendo; a steady increase in intensity or volume;(The crescendo of the brass instruments gave the piece a patriotic feel.);
criteria; standards by which something is judged;(Among Mrs. Fields’s criteria for good cookies are that they be moist and chewy.);
culmination; the climax toward which something progresses;(The culmination of the couple’s argument was the decision to divorce.);
culpable;deserving blame;(He was culpable of the crime, and was sentenced to perform community service for 75 years.)
cultivate;to nurture, improve, refine;(At the library, she cultivated her interest in spy novels.)
cumulative;increasing, building upon itself;(The cumulative effect of hours spent in the sun was a deep tan.)
cunning;sly, clever at being deceitful;(The general devised a cunning plan to surprise the enemy.)
cupidity;greed, strong desire;(His cupidity made him enter the abandoned gold mine despite the obvious dangers.)
cursory;brief to the point of being superficial;(Late for the meeting, she cast a cursory glance at the agenda.)
curtail;to lessen, reduce;(Since losing his job, he had to curtail his spending.)
daunting;intimidating, causing one to lose courage;(He kept delaying the daunting act of asking for a promotion.)
dearth;a lack, scarcity;(An eager reader, she was dismayed by the dearth of classic books at the library.)
debacle;a disastrous failure, disruption;(The elaborately designed fireworks show turned into a debacle when the fireworks started firing in random directions.)
curt; abruptly and rudely short;(Her curt reply to my question made me realize that she was upset at me.);
debase; to lower the quality or esteem of something;(The large raise that he gave himself debased his motives for running the charity.);
debauch; to corrupt by means of sensual pleasures;(An endless amount of good wine and cheese debauched the traveler.);
debunk; to expose the falseness of something;(He debunked her claim to be the world’s greatest chess player by defeating her in 18 consecutive matches.);
decorous;socially proper, appropriate;(The appreciative guest displayed decorous behavior toward his host.)
decry; to criticize openly;(The kind video rental clerk decried the policy of charging customers late fees.);
deface; to ruin or injure something’s appearance;(The brothers used eggs and shaving cream to deface their neighbor’s mailbox.);
defamatory; harmful toward another’s reputation;(The defamatory gossip spreading about the actor made the public less willing to see the actor’s new movie.);
defer;to postpone something;to yield to another’s wisdom
deferential; showing respect for another’s authority;(His deferential attitude toward her made her more confident in her ability to run the company.);
defile;to make unclean, impure;(She defiled the calm of the religious building by playing her banjo.)
deft;skillful, capable;(Having worked in a bakery for many years, Marcus was a deft bread maker.)
defunct; no longer used or existing;(They planned to turn the defunct schoolhouse into a community center.);
delegate; to hand over responsibility for something;(The dean delegated the task of finding a new professor to a special hiring committee.);
deleterious; harmful;(She experienced the deleterious effects of running a marathon without stretching her muscles enough beforehand.);
deliberate;intentional, reflecting careful consideration;(Though Mary was quite upset, her actions to resolve the dispute were deliberate.)
delineate;to describe, outline, shed light on;(She neatly delineated her reasons for canceling the project’s funding.)
demagogue; a leader who appeals to a people’s prejudices;(The demagogue strengthened his hold over his people by blaming immigrants for the lack of jobs.);
demarcation; the marking of boundaries or categories;(Different cultures have different demarcations of good and evil.);
demean; to lower the status or stature of something;(She refused to demean her secretary by making him order her lunch.);
demure;quiet, modest, reserved;(Though everyone else at the party was dancing and going crazy, she remained demure.)
denigrate;to belittle, diminish the opinion of;(The company decided that its advertisements would no longer denigrate the company’s competitors.)
denounce; to criticize publicly;(The senator denounced her opponent as a greedy politician.);
deplore;to feel or express sorrow, disapproval;(We all deplored the miserable working conditions in the factory.)
depravity; wickedness;(Rumors of the ogre’s depravity made the children afraid to enter the forest.);
deprecate;to belittle, depreciate;(Always over-modest, he deprecated his contribution to the local charity.)
derelict;abandoned, run-down;(Even though it was dangerous, the children enjoyed going to the deserted lot and playing in the derelict house.)
deride;to laugh at mockingly, scorn;(The bullies derided the foreign student’s accent.)
desecrate; to violate the sacredness of a thing or place;(They feared that the construction of a golf course would desecrate the preserved wilderness.);
desiccated;dried up, dehydrated;(The skin of the desiccated mummy looked like old paper.)
desolate;deserted, dreary, lifeless;(She found the desolate landscape quite a contrast to the hustle and bustle of the overcrowded city.)
derivative;taken directly from a source, unoriginal;(She was bored by his music because she felt that it was derivative and that she had heard it before.)
despondent;feeling depressed, discouraged, hopeless;(Having failed the first math test, the despondent child saw no use in studying for the next and failed that one too.)
despot; one who has total power and rules brutally;(The despot issued a death sentence for anyone who disobeyed his laws.);
destitute;impoverished, utterly lacking;(The hurricane destroyed many homes and left many families destitute.)
deter;to discourage, prevent from doing;(Bob’s description of scary snakes couldn’t deter Marcia from traveling in the rainforests.)
devious;not straightforward, deceitful;(Not wanting to be punished, the devious girl blamed the broken vase on the cat.)
dialect;a variation of a language;(In the country’s remote, mountainous regions, the inhabitants spoke a dialect that the country’s other inhabitants had difficulty understanding.)
diaphanous;light, airy, transparent;(Sunlight poured in through the diaphanous curtains, brightening the room.)
diffident;shy, quiet, modest;(While eating dinner with the adults, the diffident youth did not speak for fear of seeming presumptuous.)
dilatory;tending to delay, causing delay;(The general’s dilatory strategy enabled the enemy to regroup.)
diligent; showing care in doing one’s work;(The diligent researcher made sure to check her measurements multiple times.);
diminutive;small or miniature;(The bullies, tall and strong, picked on the diminutive child.)
dirge;a mournful song, especially for a funeral;(The bagpipers played a dirge as the casket was carried to the cemetery.)
disaffected;rebellious, resentful of authority;(Dismayed by Bobby’s poor behavior, the parents sent their disaffected son to a military academy to be disciplined.)
disavow;to deny knowledge of or responsibility for;(Not wanting others to criticize her, she disavowed any involvement in the company’s hiring scandal.)
discern;to perceive, detect;(Though he hid his emotions, she discerned from his body language that he was angry.)
disclose;to reveal, make public;(The CEO disclosed to the press that the company would have to fire several employees.)
discomfit;to thwart, baffle;(The normally cheery and playful children’s sudden misery discomfited the teacher.)
discordant;not agreeing, not in harmony with;(The girls’ sobs were a discordant sound amid the general laughter that filled the restaurant.)
discrepancy;difference, failure of things to correspond;(He was troubled by the discrepancy between what he remembered paying for the appliance and what his receipt showed he paid for it.)
discretion;the quality of being reserved in speech or action;good judgment
discursive;rambling, lacking order;(The professor’s discursive lectures seemed to be about every subject except the one initially described.)
disgruntled;upset, not content;(The child believed that his parents had unjustly grounded him, and remained disgruntled for a week.)
disheartened; feeling a loss of spirit or morale;(The team was disheartened after losing in the finals of the tournament.);
disparage; to criticize or speak ill of;(The saleswoman disparaged the competitor’s products to persuade her customers to buy what she was selling.);
disparate;sharply differing, containing sharply contrasting elements;(Having widely varying interests, the students had disparate responses toward the novel.)
dispatch; to send off to accomplish a duty;(The carpenter dispatched his assistant to fetch wood.);
dispel;to drive away, scatter;(She entered the office as usual on Monday, dispelling the rumor that she had been fired.)
disperse;to scatter, cause to scatter;(When the rain began to pour, the crowd at the baseball game quickly dispersed.)
disrepute; a state of being held in low regard;(The officer fell into disrepute after it was learned that he had disobeyed the orders he had given to his own soldiers.);
dissemble;to conceal, fake;(Not wanting to appear heartlessly greedy, she dissembled and hid her intention to sell her ailing father’s stamp collection.)
disseminate; to spread widely;(The politician disseminated his ideas across the town before the election.);
dissonance;lack of harmony or consistency;(Though the president of the company often spoke of the company as reliant solely upon its workers, her decision to increase her own salary rather than reward her employees revealed a striking dissonance between her alleged beliefs and her actions.)
dissuade;to persuade someone not to do something;(Worried that he would catch a cold, she tried to dissuade him from going out on winter nights.)
distend; to swell out;(Years of drinking beer caused his stomach to distend.);
dither;to be indecisive;(Not wanting to offend either friend, he dithered about which of the two birthday parties he should attend.)
divine;godly, exceedingly wonderful;(Terribly fond of desserts, she found the rich chocolate cake to be divine.)
divisive;causing dissent, discord;(Her divisive tactics turned her two friends against each other.)
divulge;to reveal something secret;(Pressured by the press, the government finally divulged the previously unknown information.)
docile; easily taught or trained;(She successfully taught the docile puppy several tricks.);
dogmatic; aggressively and arrogantly certain about unproved principles;(His dogmatic claim that men were better than women at fixing appliances angered everyone.);
dormant;sleeping, temporarily inactive;(Though she pretended everything was fine, her anger lay dormant throughout the dinner party and exploded in screams of rage after everyone had left.)
dour;stern, joyless;(The children feared their dour neighbor because the old man would take their toys if he believed they were being too loud.)
dubious;doubtful, of uncertain quality;(Suspicious that he was only trying to get a raise, she found his praise dubious.)
duplicity;crafty dishonesty;(His duplicity involved convincing his employees to let him lower their salaries and increase their stock options, and then to steal the money he saved and run the company into the ground.)
duress;hardship, threat;(It was only under intense duress that he, who was normally against killing, fired his gun.)
dynamic; actively changing;(The parents found it hard to keep up with the dynamic music scene with which their children had become very familiar.);
ebullient;extremely lively, enthusiastic;(She became ebullient upon receiving an acceptance letter from her first-choice college.)
eclectic;consisting of a diverse variety of elements;(That bar attracts an eclectic crowd: lawyers, artists, circus clowns, and investment bankers.)
ecstatic; intensely and overpoweringly happy;(The couple was ecstatic when they learned that they had won the lottery.);
edict;an order, decree;(The ruler issued an edict requiring all of his subjects to bow down before him.)
efface;to wipe out, obliterate, rub away;(The husband was so angry at his wife for leaving him that he effaced all evidence of her presence
effervescent;bubbly, lively;(My friend is so effervescent that she makes everyone smile.)
efficacious;effective;(My doctor promised me that the cold medicine was efficacious, but I’m still sniffling.)
effrontery;impudence, nerve, insolence;(When I told my aunt that she was boring, my mother scolded me for my effrontery.)
effulgent;radiant, splendorous;(The golden palace was effulgent.)
egregious; extremely bad;(The student who threw sloppy joes across the cafeteria was punished for his egregious behavior.);
elaborate;complex, detailed, intricate;(Dan always beats me at chess because he develops such an elaborate game plan that I can never predict his next move.)
elated;overjoyed, thrilled;(When she found out she had won the lottery, the writer was elated.)
elegy;a speech given in honor of a dead person;(At the funeral, the widow gave a moving elegy describing her love for her husband.)
elicit;to bring forth, draw out, evoke;(Although I asked several times where the exit was, I elicited no response from the stone-faced policeman.)
eloquent;expressive, articulate, moving;(The priest gave such an eloquent sermon that most churchgoers were crying.)
elucidate;to clarify, explain;(I didn’t understand why my friend was so angry with me, so I asked Janine to elucidate her feelings.)
elude;to evade, escape;(Despite an intense search, the robber continues to elude the police.)
emaciated;very thin, enfeebled looking;(My sister eats a lot of pastries and chocolate but still looks emaciated.)
embezzle;to steal money by falsifying records;(The accountant was fired for embezzling $10,000 of the company’s funds.)
emend;to correct or revise a written text;(If my sentence is incorrect, the editor will emend what I have written.)
emollient; soothing;(This emollient cream makes my skin very smooth.);
emote;to express emotion;(The director told the actor he had to emote, or else the audience would have no idea what his character was going through.)
empathy; sensitivity to another’s feelings as if they were one’s own;(I feel such empathy for my sister when she’s in pain that I cry too.);
emulate;to imitate;(I idolize Britney Spears so much that I emulate everything she does: I wear her outfits, sing along to her songs, and date a boy named Justin.)
enamor;to fill with love, fascinate, usually used in passive form followed by “of” or “with”;(I grew enamored of that boy when he quoted my favorite love poem.)
encumber;to weigh down, burden;(At the airport, my friend was encumbered by her luggage, so I offered to carry two of her bags.)
enervate;to weaken, exhaust;(Writing these sentences enervates me so much that I will have to take a nap after I finish.)
enfranchise; to grant the vote to;(The Nineteenth Amendment enfranchised women.);
engender;to bring about, create, generate;(During the Olympics, the victories of U.S. athletes engender a patriotic spirit among Americans.)
enigmatic;mystifying, cryptic;(That man wearing the dark suit and dark glasses is so enigmatic that no one even knows his name.)
encore;the audience’s demand for a repeat performance;also the artist’s performance in response to that demand
enmity;ill will, hatred, hostility;(Mark and Andy have clearly not forgiven each other, because the enmity between them is obvious to anyone in their presence.)
ennui;boredom, weariness;(I feel such ennui that I don’t look forward to anything, not even my birthday party.)
entail; to include as a necessary step;(Building a new fence entails tearing down the old one.);
enthrall;to charm, hold spellbound;(The sailor’s stories of fighting off sharks and finding ancient treasures enthralled his young son.)
ephemeral;short-lived, fleeting;(She promised she’d love me forever, but her “forever” was only ephemeral: she left me after one week.)
epistolary;relating to or contained in letters;(Some people call me “Auntie’s boy,” because my aunt and I have such a close epistolary relationship that we write each other every day.)
epitome;a perfect example, embodiment;(My mother, the epitome of good taste, always dresses more elegantly than I do.)
equanimity;composure;(Even though he had just been fired, Mr. Simms showed great equanimity by neatly packing up his desk and wishing everyone in the office well.)
equivocal;ambiguous, uncertain, undecided;(His intentions were so equivocal that I didn’t know whether he was being chivalrous or sleazy.)
erudite; learned;(My Latin teacher is such an erudite scholar that he has translated some of the most difficult and abstruse ancient poetry.);
eschew;to shun, avoid;(George hates the color green so much that he eschews all green food.)
esoteric; understood by only a select few;(Even the most advanced students cannot understand the physicist’s esoteric theories.);
espouse;to take up as a cause, support;(I love animals so much that I espouse animal rights.)
ethereal;heavenly, exceptionally delicate or refined;(In her flowing silk gown and lace veil, the bride looked ethereal.)
etymology;the history of words, their origin and development;(From the study of etymology, I know that the word “quixotic” derives from Don Quixote and the word “gaudy” refers to the Spanish architect Gaudí.)
euphoric;elated, uplifted;(I was euphoric when I found out that my sister had given birth to twins.)
evanescent;fleeting, momentary;(My joy at getting promoted was evanescent because I discovered that I would have to work much longer hours in a less friendly office.)
evince;to show, reveal;(Christopher’s hand-wringing and nail-biting evince how nervous he is about the upcoming English test.)
exacerbate;to make more violent, intense;(The gruesome and scary movie I saw last night exacerbated my fears of the dark.)
exalt;to glorify, praise;(Michael Jordan is the figure in basketball we exalt the most.)
exasperate;to irritate, irk;(George’s endless complaints exasperated his roomate.)
excavate; to dig out of the ground and remove;(The pharaoh’s treasures were excavated by archeologists in Egypt.);
exculpate;to free from guilt or blame, exonerate;(My discovery of the ring behind the dresser exculpated me from the charge of having stolen it.)
excursion;a trip or outing;(After taking an excursion to the Bronx Zoo, I dreamed about pandas and monkeys.)
execrable;loathsome, detestable;(Her pudding is so execrable that it makes me sick.)
exhort;to urge, prod, spur;(Henry exhorted his colleagues to join him in protesting against the university’s hiring policies.)
exonerate;to free from guilt or blame, exculpate;(The true thief’s confession exonerated the man who had been held in custody for the crime.)
exorbitant; excessive;(Her exorbitant praise made me blush and squirm in my seat.);
expedient;advisable, advantageous, serving one’s self-interest;(In his bid for reelection, the governor made an expedient move by tabling all controversial legislation.)
expiate;to make amends for, atone;(To expiate my selfishness, I gave all my profits to charity.)
exigent;urgent, critical;(The patient has an exigent need for medication, or else he will lose his sight.)
expunge;to obliterate, eradicate;(Fearful of an IRS investigation, Paul tried to expunge all incriminating evidence from his tax files.)
expurgate;to remove offensive or incorrect parts, usually of a book;(The history editors expurgated from the text all disparaging and inflammatory comments about the Republican Party.)
extant;existing, not destroyed or lost;(My mother’s extant love letters to my father are in the attic trunk.)
extol;to praise, revere;(Violet extolled the virtues of a vegetarian diet to her meatloving brother.)
extraneous;irrelevant, extra, not necessary;(Personal political ambitions should always remain extraneous to legislative policy, but, unfortunately, they rarely are.)
extricate;to disentangle;(Instead of trying to mediate between my brother and sister, I extricated myself from the family tension entirely and left the house for the day.)
exult;to rejoice;(When she found out she won the literature prize, Mary exulted by dancing and singing through the school’s halls.)
fabricate;to make up, invent;(When I arrived an hour late to class, I fabricated some excuse about my car breaking down on the way to school.)
fallacious;incorrect, misleading;(Emily offered me cigarettes on the fallacious assumption that I smoked.)
fastidious;meticulous, demanding, having high and often unattainable standards;(Mark is so fastidious that he is never able to finish a project because it always seems imperfect to him.)
fathom;to understand, comprehend;(I cannot fathom why you like that crabby and mean-spirited neighbor of ours.)
fatuous;silly, foolish;(He considers himself a serious poet, but in truth, he only writes fatuous limericks.)
fecund;fruitful, fertile;(The fecund tree bore enough apples to last us through the entire season.)
feral;wild, savage;(That beast looks so feral that I would fear being alone with it.)
fervent;ardent, passionate;(The fervent protestors chained themselves to the building and shouted all night long.)
fetid; having a foul odor;(I can tell from the fetid smell in your refrigerator that your milk has spoiled.);
fetter;to chain, restrain;(The dog was fettered to the parking meter.)
fickle;shifting in character, inconstant;(In Greek dramas, the fickle gods help Achilles one day, and then harm him the next.)
fidelity;loyalty, devotion;(Guard dogs are known for the great fidelity they show toward their masters.)
figurative;symbolic;(Using figurative language, Jane likened the storm to an angry bull.)
flabbergasted;astounded;(Whenever I read an Agatha Christie mystery novel, I am always flabbergasted when I learn the identity of the murderer.)
flagrant;offensive, egregious;(The judge’s decision to set the man free simply because that man was his brother was a flagrant abuse of power.)
florid;flowery, ornate;(The writer’s florid prose belongs on a sentimental Hallmark card.)
flout; to disregard or disobey openly;(I flouted the school’s dress code by wearing a tie-dyed tank top and a pair of cut-off jeans.);
foil;to thwart, frustrate, defeat;(Inspector Wilkens foiled the thieves by locking them in the bank along with their stolen money.)
flaccid;limp, not firm or strong;(If a plant is not watered enough, its leaves become droopy and flaccid.)
forage;to graze, rummage for food;(When we got lost on our hiking trip, we foraged for berries and nuts in order to survive.)
forbearance;patience, restraint, toleration;(The doctor showed great forbearance in calming down the angry patient who shouted insults at him.)
forestall;to prevent, thwart, delay;(I forestalled the cold I was getting by taking plenty of vitamin C pills and wearing a scarf.)
forlorn;lonely, abandoned, hopeless;(Even though I had the flu, my family decided to go skiing for the weekend and leave me home alone, feeling feverish and forlorn.)
forsake;to give up, renounce;(My New Year’s resolution is to forsake smoking and drinking.)
fortitude;strength, guts;(Achilles’ fortitude in battle is legendary.)
fortuitous;happening by chance, often lucky or fortunate;(After looking for Manuel and not finding him at home, Harriet had a fortuitous encounter with him at the post office.)
forum; a medium for lecture or discussion;(Some radio talk-shows provide a good forum for political debate.);
foster;to stimulate, promote, encourage;(To foster good health in the city, the mayor started a “Get out and exercise!” campaign.)
fractious;troublesome or irritable;(Although the child insisted he wasn’t tired, his fractious behavior—especially his decision to crush his cheese and crackers all over the floor—convinced everyone present that it was time to put him to bed.)
fraught;;(usually used with “with”) filled or accompanied with
frenetic;frenzied, hectic, frantic;(In the hours between night and morning, the frenetic pace of city life slows to a lull.)
frivolous;of little importance, trifling;(Someday, all that anxiety about whether your zit will disappear before the prom will seem totally frivolous.)
frugal;thrifty, economical;(Richard is so frugal that his diet consists almost exclusively of catfish and chicken liver—the two most inexpensive foods in the store.)
furtive;secretive, sly;(Jane’s placement of her drugs in her sock drawer was not as furtive as she thought, as the sock drawer is the first place most parents look.)
garish;gaudy, in bad taste;(Mrs. Watson has poor taste and covers every object in her house with a garish gold lamé.)
garrulous;talkative, wordy;(Some talk show hosts are so garrulous that their guests can’t get a word in edgewise.)
genial;friendly, affable;(Although he’s been known to behave like a real jerk, I would say that my brother is an overall genial guy.)
gluttony;overindulgence in food or drink;(Ada’s fried chicken tastes so divine, I don’t know how anyone can call gluttony a sin.)
goad;to urge, spur, incite to action;(Jim may think he’s not going to fight Billy, but Billy will goad Jim on with insults until he throws a punch.)
gourmand;someone fond of eating and drinking;(My parents, who used to eat little more than crackers and salad, have become real gourmands in their old age.)
grandiloquence;lofty, pompous language;(The student thought her grandiloquence would make her sound smart, but neither the class nor the teacher bought it.)
grandiose;on a magnificent or exaggerated scale;(Margaret planned a grandiose party, replete with elephants, trapeze artists, and clowns.)
gratuitous;uncalled for, unwarranted;(Every morning the guy at the donut shop gives me a gratuitous helping of ketchup packets.)
grievous;injurious, hurtful;serious or grave in nature
guile;deceitful, cunning, sly behavior;(Because of his great guile, the politician was able to survive scandal after scandal.)
hackneyed;unoriginal, trite;(A girl can only hear “I love you” so many times before it begins to sound hackneyed and meaningless.)
gregarious;drawn to the company of others, sociable;(Well, if you’re not gregarious, I don’t know why you would want to go to a singles party!)
hallowed;revered, consecrated;(In the hallowed corridors of the cathedral, the disturbed professor felt himself to be at peace.)
hapless;unlucky;(My poor, hapless family never seems to pick a sunny week to go on vacation.)
hardy;robust, capable of surviving through adverse conditions;(I too would have expected the plants to be dead by mid-November, but apparently they’re very hardy.)
harrowing;greatly distressing, vexing;(The car crash was a harrowing experience, but I have a feeling that the increase in my insurance premiums will be even more upsetting.)
haughty; disdainfully proud;(The superstar’s haughty dismissal of her costars will backfire on her someday.);
hedonist;one who believes pleasure should be the primary pursuit of humans;(Because he’s such a hedonist, I knew Murray would appreciate the 11 cases of wine I bought him for his birthday.)
hegemony; domination over others;(Britain’s hegemony over its colonies was threatened once nationalist sentiment began to spread around the world.);
heinous;shockingly wicked, repugnant;(The killings were made all the more heinous by the fact that the murderer first tortured his victims for three days.)
heterogeneous;varied, diverse in character;(I hate having only one flavor so I always buy the swirled, or should I say heterogeneous, type of ice cream.)
hiatus; a break or gap in duration or continuity;(The hiatus in service should last two or three months—until the cable lines are repaired .);
hierarchy;a system with ranked groups, usually according to social, economic, or professional class;(Women found it very difficult to break into the upper ranks of the department’s hierarchy.)
hypocrisy;pretending to believe what one does not;(Once the politician began passing legislation that contradicted his campaign promises, his hypocrisy became apparent.)
hypothetical;supposed or assumed true, but unproven;(Even though it has been celebrated by seven major newspapers, that the drug will be a success when tested in humans is still hypothetical.)
iconoclast;one who attacks common beliefs or institutions;(Jane goes to one protest after another, but she seems to be an iconoclast rather than an activist with a progressive agenda.)
idiosyncratic;peculiar to one person;highly individualized
idolatrous;excessively worshipping one object or person;(Xena’s idolatrous fawning over the band—following them on tour, starting their fan club, filming their documentary—is really beginning to get on my nerves.)
ignominious;humiliating, disgracing;(It was really ignominious to be kicked out of the dorm for having an illegal gas stove in my room.)
illicit;forbidden, not permitted;(The fourth-grader learned many illicit words from a pamphlet that was being passed around school.)
immerse;to absorb, deeply involve, engross;(After breaking up with her boyfriend, Nancy decided to immerse herself in her work in order to avoid crying.)
immutable; not changeable;(The laws of physics are immutable and constant.);
impassive;stoic, not susceptible to suffering;(Stop being so impassive
impecunious;poor;(“I fear he’s too impecunious to take me out tonight,” the bratty girl whined.)
imperious;commanding, domineering;(The imperious nature of your manner led me to dislike you at once.)
impeccable;exemplary, flawless;(If your grades were as impeccable as your sister’s, then you too would receive a car for a graduation present.)
impertinent;rude, insolent;(Most of your comments are so impertinent that I don’t wish to dignify them with an answer.)
impervious;impenetrable, incapable of being affected;(Because of their thick layer of fur, many seals are almost impervious to the cold.)
impetuous;rash;hastily done
implacable;incapable of being appeased or mitigated;(Watch out: once you shun Grandma’s cooking, she is totally implacable.)
implicate;to involve in an incriminating way, incriminate;(Even though Tom wasn’t present at the time of the shooting, he was implicated by the evidence suggesting that he had supplied the shooters with guns.)
implicit;understood but not outwardly obvious, implied;(I know Professor Smith didn’t actually say not to write from personal experience, but I think such a message was implicit in her instruction to use scholarly sources.)
impregnable;resistant to capture or penetration;(Though the invaders used battering rams, catapults, and rain dances, the fortress proved impregnable and resisted all attacks.)
impudent;casually rude, insolent, impertinent;(The impudent young man looked the princess up and down and told her she was hot even though she hadn’t asked him.)
impute;to ascribe, blame;(The CEO imputed the many typos in the letter to his lazy secretary.)
inane; silly and meaningless;(Some films are so inane that the psychology of the characters makes absolutely no sense.);
inarticulate;incapable of expressing oneself clearly through speech;(Though he spoke for over an hour, the lecturer was completely inarticulate and the students had no idea what he was talking about.)
incessant;unending;(We wanted to go outside and play, but the incessant rain kept us indoors for two days.)
inchoate;unformed or formless, in a beginning stage;(The country’s government is still inchoate and, because it has no great tradition, quite unstable.)
incisive;clear, sharp, direct;(The discussion wasn’t going anywhere until her incisive comment allowed everyone to see what the true issues were.)
inclination;a tendency, propensity;(Sarah has an inclination to see every foreign film she hears about, even when she’s sure that she won’t like it.)
incontrovertible; indisputable;(Only stubborn Tina would attempt to disprove the incontrovertible laws of physics.);
incorrigible;incapable of correction, delinquent;(You can buy Grandma nicotine gum all you want, but I think that after sixty-five years of smoking she’s incorrigible.)
increment;an enlargement;the process of increasing
indefatigable;incapable of defeat, failure, decay;(Even after traveling 62 miles, the indefatigable runner kept on moving.)
indigenous;originating in a region;(Some fear that these plants, which are not indigenous to the region, may choke out the vegetation that is native to the area.)
indigent;very poor, impoverished;(I would rather donate money to help the indigent population than to the park sculpture fund.)
indignation; anger sparked by something unjust or unfair;(I resigned from the sorority because of my indignation at its hazing of new members.);
indolent;lazy;(Why should my indolent children, who can’t even pick themselves up off the couch to pour their own juice, be rewarded with a trip to the mall?)
indomitable;not capable of being conquered;(To be honest, Jim, my indomitable nature means I could never take orders from anyone, and especially not from a jerk like you.)
induce;to bring about, stimulate;(Who knew that our decision to boycott school lunch would induce a huge riot?)
ineffable;unspeakable, incapable of being expressed through words;(It is said that the experience of playing with a dolphin is ineffable and can only be understood through direct encounter.)
inept;not suitable or capable, unqualified;(She proved how inept she was when she forgot three orders and spilled a beer in a customer’s lap.)
inexorable;incapable of being persuaded or placated;(Although I begged for hours, Mom was inexorable and refused to let me stay out all night after the prom.)
inextricable;hopelessly tangled or entangled;(Unless I look at the solution manual, I have no way of solving this inextricable problem.)
infamy;notoriety, extreme ill repute;(The infamy of his crime will not lessen as the decades pass.)
infusion; an injection of one substance into another;the permeation of one substance by another;(The infusion of Eastern religion into Western philosophy created interesting new schools of thought.)
ingenious;clever, resourceful;(Her ingenious use of walnuts instead of the peanuts called for by the recipe was lauded by the other garden club members who found her cake delicious.)
ingenuous;not devious;innocent and candid
inhibit;to prevent, restrain, stop;(When I told you I needed the car last night, I certainly never meant to inhibit you from going out.)
inimical;hostile, enemylike;(I don’t see how I could ever work for a company that was so cold and inimical to me during my interviews.)
iniquity;wickedness or sin;(“Your iniquity,” said the priest to the practical jokester, “will be forgiven.”)
injunction;an order of official warning;(After his house was toilet-papered for the fifth time, the mayor issued an injunction against anyone younger than 21 buying toilet paper.)
innate;inborn, native, inherent;(His incredible athletic talent is innate, he never trains, lifts weights, or practices.)
innocuous;harmless, inoffensive;(In spite of their innocuous appearance, these mushrooms are actually quite poisonous.)
innovate;to do something in an unprecedented way;(Because of the stiff competition, the company knew it needed to pour a lot of energy into innovating new and better products.)
innuendo;an insinuation;(During the debate, the politician made several innuendos about the sexual activities of his opponent.)
inoculate;to introduce a microorganism, serum, or vaccine into an organism in order to increase immunity to illness;to vaccinate
inquisitor;one who inquires, especially in a hostile manner;(The inquisitor was instructed to knock on every door in town in order to find the fugitive.)
insatiable; incapable of being satisfied;(My insatiable appetite for melons can be a real problem in the winter.);
insidious;appealing but imperceptibly harmful, seductive;(Lisa’s insidious chocolate cake tastes so good but makes you feel so sick later on!)
insipid;dull, boring;(The play was so insipid, I fell asleep halfway through.)
insolent;rude, arrogant, overbearing;(That celebrity is so insolent, making fun of his fans right to their faces.)
instigate;to urge, goad;(The demagogue instigated the crowd into a fury by telling them that they had been cheated by the federal government.)
insular;separated and narrow-minded;tight-knit, closed off
insinuate; to suggest indirectly or subtly;(I wish Luke and Spencer would stop insinuating that my perfect report card is the result of anything other than my superior intelligence and good work habits.);
insurgent; one who rebels;(The insurgent snuck into and defaced a different classroom each night until the administration agreed to meet his demands.);
integral;necessary for completeness;(Without the integral ingredient of flour, you wouldn’t be able to make bread.)
interject;to insert between other things;(During our conversation, the cab driver occasionally interjected his opinion.)
interlocutor;someone who participates in a dialogue or conversation;(When the officials could not come to an agreement over the correct cover of the flags, the prime minister acted as an interlocutor.)
interminable; without possibility of end;(The fact that biology lectures came just before lunch made them seem interminable.);
intimation; an indirect suggestion;(Mr. Brinford’s intimation that he would soon pass away occurred when he began to discuss how to distribute his belongings among his children.);
intractable;difficult to manipulate, unmanageable;(There was no end in sight to the intractable conflict between the warring countries.)
intransigent;refusing to compromise, often on an extreme opinion;(The intransigent child said he would have 12 scoops of ice cream, or he would bang his head against the wall until his mother fainted from fear.)
intrepid;brave in the face of danger;(After scaling a live volcano prior to its eruption, the explorer was praised for his intrepid attitude.)
inundate;to flood with abundance;(Because I am the star of a new sitcom, my fans are sure to inundate me with fan mail and praise.)
inure; to cause someone or something to become accustomed to a situation;(Twenty years in the salt mines inured the man to the discomforts of dirt and grime.);
invective; an angry verbal attack;(My mother’s irrational invective against the way I dress only made me decide to dye my hair green.);
inveterate; stubbornly established by habit;(I’m the first to admit that I’m an inveterate coffee drinker—I drink four cups a day.);
inviolable; secure from assault;(Nobody was ever able to break into Batman’s inviolable Batcave.);
irascible;easily angered;(At the smallest provocation, my irascible cat will begin scratching and clawing.)
iridescent; showing rainbow colors;(The bride’s large diamond ring was iridescent in the afternoon sun.);
irreverence; disrespect;(The irreverence displayed by the band that marched through the chapel disturbed many churchgoers.);
irrevocable; incapable of being taken back;(The Bill of Rights is an irrevocable part of American law.);
jubilant;extremely joyful, happy;(The crowd was jubilant when the firefighter carried the woman from the flaming building.)
judicious;having or exercising sound judgment;(When the judicious king decided to compromise rather than send his army to its certain death, he was applauded.)
juxtaposition; the act of placing two things next to each other for implicit comparison;(The interior designer admired my juxtaposition of the yellow couch and green table.);
knell;the solemn sound of a bell, often indicating a death;(Echoing throughout our village, the funeral knell made the stormy day even more grim.)
kudos;praise for an achievement;(After the performance, the reviewers gave the opera singer kudos for a job well done.)
laconic; terse in speech or writing;(The author’s laconic style has won him many followers who dislike wordiness.);
languid;sluggish from fatigue or weakness;(In the summer months, the great heat makes people languid and lazy.)
larceny;obtaining another’s property by theft or trickery;(When my car was not where I had left it, I realized that I was a victim of larceny.)
largess; the generous giving of lavish gifts;(My boss demonstrated great largess by giving me a new car.);
laceration;a cut, tear;(Because he fell off his bike into a rosebush, the paperboy’s skin was covered with lacerations.)
latent;hidden, but capable of being exposed;(Sigmund’s dream represented his latent paranoid obsession with other people’s shoes.)
laudatory; expressing admiration or praise;(Such laudatory comments are unusual from someone who is usually so reserved in his opinions.);
legerdemain;deception, slight-of-hand;(Smuggling the French plants through customs by claiming that they were fake was a remarkable bit of legerdemain.)
lenient;demonstrating tolerance or gentleness;(Because Professor Oglethorpe allowed his students to choose their final grades, the other teachers believed that he was excessively lenient.)
lethargic;in a state of sluggishness or apathy;(When Jean Claude explained to his boss that he was lethargic and didn’t feel like working that day, the boss fired him.)
libertarian; advocating principles of liberty and free will;(The dissatisfied subjects overthrew the monarch and replaced him with a libertarian ruler who respected their democratic principles.);
licentious; displaying a lack of moral or legal restraints;(Marilee has always been fascinated by the licentious private lives of politicians.);
limpid;clear, transparent;(Mr. Johnson’s limpid writing style greatly pleased readers who disliked complicated novels.)
linchpin;something that holds separate parts together;(The linchpin in the prosecution’s case was the hair from the defendant’s head, which was found at the scene of the crime.)
lithe;graceful, flexible, supple;(Although the dancers were all outstanding, Jae Sun’s control of her lithe body was particularly impressive.)
litigant;someone engaged in a lawsuit;(When the litigants began screaming at each other, Judge Koch ordered them to be silent.)
lucid;clear, easily understandable;(Because Guenevere’s essay was so lucid, I only had to read it once to understand her reasoning.)
luminous; brightly shining;(The light of the luminous moon graced the shoulders of the beautiful maiden.);
lurid;ghastly, sensational;(Gideon’s story, in which he described a character torturing his sister’s dolls, was judged too lurid to be printed in the school’s literary magazine.)
maelstrom; a destructive whirlpool which rapidly sucks in objects;(Little did the explorers know that as they turned the next bend of the calm river a vicious maelstrom would catch their boat.);
magnanimous;noble, generous;(Although I had already broken most of her dishes, Jacqueline was magnanimous enough to continue letting me use them.)
malediction;a curse;(When I was arrested for speeding, I screamed maledictions against the policeman and the entire police department.)
malevolent;wanting harm to befall others;(The malevolent old man sat in the park all day, tripping unsuspecting passersby with his cane.)
malleable; capable of being shaped or transformed;(Maximillian’s political opinions were so malleable that anyone he talked to was able to change his mind instantly.);
mandate;an authoritative command;(In the Old Testament, God mandates that no one should steal.)
manifold;diverse, varied;(The popularity of Dante’s Inferno is partly due to the fact that the work allows for manifold interpretations.)
maudlin;weakly sentimental;(Although many people enjoy romantic comedies, I usually find them maudlin and shallow.)
maverick;an independent, nonconformist person;(Andreas is a real maverick and always does things his own way.)
mawkish;characterized by sick sentimentality;(Although some nineteenthcentury critics viewed Dickens’s writing as mawkish, contemporary readers have found great emotional depth in his works.)
maxim; a common saying expressing a principle of conduct;(Miss Manners’s etiquette maxims are both entertaining and instructional.);
meager; deficient in size or quality;(My meager portion of food did nothing to satisfy my appetite.);
medley;a mixture of differing things;(Susannah’s wardrobe contained an astonishing medley of colors, from olive green to fluorescent pink.)
mendacious;having a lying, false character;(The mendacious content of the tabloid magazines is at least entertaining.)
mercurial;characterized by rapid change or temperamentality;(Though he was widely respected for his mathematical proofs, the mercurial genius was impossible to live with.)
meritorious; worthy of esteem or reward;(Manfred was given the congressional medal of honor for his meritorious actions.);
metamorphosis;the change of form, shape, substance;(Winnifred went to the gym every day for a year and underwent a metamorphosis from a waiflike girl to an athletic woman.)
meticulous; extremely careful with details;(The ornate needlework in the bride’s gown was a product of meticulous handiwork.);
mitigate;to make less violent, alleviate;(When I had an awful sore throat, only warm tea would mitigate the pain.)
modicum;a small amount of something;(Refusing to display even a modicum of sensitivity, Henrietta announced her boss’s affair in front of the entire office.)
modulate;to pass from one state to another, especially in music;(The composer wrote a piece that modulated between minor and major keys.)
mollify; to soften in temper;(The police officer mollified the angry woman by giving her a warning instead of a ticket.);
morass;a wet swampy bog;figuratively, something that traps and confuses
mores; the moral attitudes and fixed customs of a group of people.;(Mores change over time;many things that were tolerated in 1975 are no longer seen as being socially acceptable.)
morose; gloomy or sullen;(Jason’s morose nature made him very unpleasant to talk to.);
multifarious;having great diversity or variety;(This Swiss Army knife has multifarious functions and capabilities. Among other things, it can act as a knife, a saw, a toothpick, and a slingshot.)
mundane;concerned with the world rather than with heaven, commonplace;(He is more concerned with the mundane issues of day-to-day life than with spiritual topics.)
munificence; generosity in giving;(The royal family’s munificence made everyone else in their country rich.);
mutable;able to change;(Because fashion is so mutable, what is trendy today will look outdated in five years.)
myriad; consisting of a very great number;(It was difficult to decide what to do Friday night because the city presented us with myriad possibilities for fun.);
nadir;the lowest point of something;(My day was boring, but the nadir came when I accidentally spilled a bowl of spaghetti on my head.)
nebulous;vaguely defined, cloudy;(The transition between governments meant that who was actually in charge was a nebulous matter.)
nefarious;heinously villainous;(Although Dr. Meanman’s nefarious plot to melt the polar icecaps was terrifying, it was so impractical that nobody really worried about it.)
negligent;habitually careless, neglectful;(Jessie’s grandfather called me a negligent fool after I left the door to his apartment unlocked even though there had been a recent string of robberies.)
nascent;in the process of being born or coming into existence;(Unfortunately, my brilliant paper was only in its nascent form on the morning that it was due.)
neophyte;someone who is young or inexperienced;(As a neophyte in the literary world, Malik had trouble finding a publisher for his first novel.)
nocturnal; relating to or occurring during the night;(Jackie was a nocturnal person;she would study until dawn and sleep until the evening.)
noisome;unpleasant, offensive, especially to the sense of smell;(Nobody would enter the stalls until the horse’s noisome leavings were taken away.)
nomadic;wandering from place to place;(In the first six months after college, Jose led a nomadic life, living in New York, California, and Idaho.)
nominal;trifling, insignificant;(Because he was moving the following week and needed to get rid of his furniture more than he needed money, Jordan sold everything for a nominal fee.)
nonchalant;having a lack of concern, indifference;(Although deep down she was very angry, Marsha acted in a nonchalant manner when she found out that her best friend had used her clothing without asking.)
nondescript; lacking a distinctive character;(I was surprised when I saw the movie star in person because she looked nondescript.);
notorious; widely and unfavorably known;(Jacob was notorious for always arriving late at parties.);
novice;a beginner, someone without training or experience;(Because we were all novices at yoga, our instructor decided to begin with the basics.)
noxious;harmful, unwholesome;(Environmentalists showed that the noxious weeds were destroying the insects’ natural habitats.)
nuance;a slight variation in meaning, tone, expression;(The nuances of the poem were not obvious to the casual reader, but the professor was able to point them out.)
nurture;to assist the development of;(Although Serena had never watered the plant, which was about to die, Javier was able to nurture it back to life.)
obdurate; unyielding to persuasion or moral influences;(The obdurate old man refused to take pity on the kittens.);
obfuscate;to render incomprehensible;(The detective did want to answer the newspaperman’s questions, so he obfuscated the truth.)
oblique;diverging from a straight line or course, not straightforward;(Martin’s oblique language confused those who listened to him.)
oblivious;lacking consciousness or awareness of something;(Oblivious to the burning smell emanating from the kitchen, my father did not notice that the rolls in the oven were burned until much too late.)
obscure;unclear, partially hidden;(Because he was standing in the shadows, his features were obscure.)
obsequious;excessively compliant or submissive;(Mark acted like Janet’s servant, obeying her every request in an obsequious manner.)
obsolete;no longer used, out of date;(With the inventions of tape decks and CDs, which both have better sound and are easier to use, eight-track players are now entirely obsolete.)
obstinate;not yielding easily, stubborn;(The obstinate child refused to leave the store until his mother bought him a candy bar.)
obstreperous;noisy, unruly;(Billy’s obstreperous behavior prompted the librarian to ask him to leave the reading room.)
obtuse; lacking quickness of sensibility or intellect;(Political opponents warned that the prime minister’s obtuse approach to foreign policy would embroil the nation in mindless war.);
odious; instilling hatred or intense displeasure;(Mark was assigned the odious task of cleaning the cat’s litter box.);
ominous; foreboding or foreshadowing evil;(The fortuneteller’s ominous words flashed through my mind as the hooded figure approached me in the alley.);
onerous; burdensome;(My parents lamented that the pleasures of living in a beautiful country estate no longer outweighed the onerous mortgage payments.);
opulent; characterized by rich abundance verging on ostentation;(The opulent furnishings of the dictator’s private compound contrasted harshly with the meager accommodations of her subjects.);
officious; offering one’s services when they are neither wanted nor needed;(Brenda resented Allan’s officious behavior when he selected colors that might best improve her artwork.);
oration; a speech delivered in a formal or ceremonious manner;(The prime minister was visibly shaken when the unruly parliament interrupted his oration about failed domestic policies.);
ornate;highly elaborate, excessively decorated;(The ornate styling of the new model of luxury car could not compensate for the poor quality of its motor.)
orthodox;conventional, conforming to established protocol;(The company’s profits dwindled because the management pursued orthodox business policies that were incompatible with new industrial trends.)
oscillate; to sway from one side to the other;(My uncle oscillated between buying a station wagon to transport his family and buying a sports car to satisfy his boyhood fantasies.);
ostensible;appearing as such, seemingly;(Jack’s ostensible reason for driving was that airfare was too expensive, but in reality, he was afraid of flying.)
ostentatious;excessively showy, glitzy;(On the palace tour, the guide focused on the ostentatious decorations and spoke little of the royal family’s history.)
ostracism; exclusion from a group;(Beth risked ostracism if her roommates discovered her flatulence.);
pacific; soothing;(The chemistry professor’s pacific demeanor helped the class remain calm after the experiment exploded.);
palatable;agreeable to the taste or sensibilities;(Despite the unpleasant smell, the exotic cheese was quite palatable.)
palette; a range of colors or qualities;(The palette of colors utilized in the painting was equaled only by the range of intense emotions the piece evoked.);
palliate; to reduce the severity of;(The doctor trusted that the new medication would palliate her patient’s discomfort.);
pallid; lacking color;(Dr. Van Helsing feared that Lucy’s pallid complexion was due to an unexplained loss of blood.);
panacea;a remedy for all ills or difficulties;(Doctors wish there was a single panacea for every disease, but sadly there is not.)
paradigm;an example that is a perfect pattern or model;(Because the new SUV was so popular, it became the paradigm upon which all others were modeled.)
paradox; an apparently contradictory statement that is perhaps true;(The diplomat refused to acknowledge the paradox that negotiating a peace treaty would demand more resources than waging war.);
paragon; a model of excellence or perfection;(The mythical Helen of Troy was considered a paragon of female beauty.);
paramount;greatest in importance, rank, character;(It was paramount that the bomb squad disconnect the blue wire before removing the fuse.)
pariah;an outcast;(Following the discovery of his plagiarism, Professor Hurley was made a pariah in all academic circles.)
parody; a satirical imitation;(A hush fell over the classroom when the teacher returned to find Deborah acting out a parody of his teaching style.);
parsimony;frugality, stinginess;(Many relatives believed that my aunt’s wealth resulted from her parsimony.)
partisan;a follower, adherent;(The king did not believe that his rival could round up enough partisans to overthrow the monarchy.)
patent;readily seen or understood, clear;(The reason for Jim’s abdominal pain was made patent after the doctor performed a sonogram.)
pathology; a deviation from the normal;(Dr. Hastings had difficulty identifying the precise nature of Brian’s pathology.);
pathos;an emotion of sympathy;(Martha filled with pathos upon discovering the scrawny, shivering kitten at her door.)
pejorative;derogatory, uncomplimentary;(The evening’s headline news covered an international scandal caused by a pejorative statement the famous senator had made in reference to a foreign leader.)
pellucid;easily intelligible, clear;(Wishing his book to be pellucid to the common man, Albert Camus avoided using complicated grammar when composing The Stranger.)
penchant;a tendency, partiality, preference;(Jill’s dinner parties quickly became monotonous on account of her penchant for Mexican dishes.)
penitent;remorseful, regretful;(The jury’s verdict may have been more lenient if the criminal had appeared penitent for his gruesome crimes.)
paucity; small in quantity;(Gilbert lamented the paucity of twentieth century literature courses available at the college.);
penultimate;next to last;(Having smoked the penultimate cigarette remaining in the pack, Cybil discarded the last cigarette and resolved to quit smoking.)
penurious;miserly, stingy;(Stella complained that her husband’s penurious ways made it impossible to live the lifestyle she felt she deserved.)
perfidious;disloyal, unfaithful;(After the official was caught selling government secrets to enemy agents, he was executed for his perfidious ways.)
perfunctory; showing little interest or enthusiasm;(The radio broadcaster announced the news of the massacre in a surprisingly perfunctory manner.);
permeate;to spread throughout, saturate;(Mrs. Huxtable was annoyed that the wet dog’s odor had permeated the furniture’s upholstery.)
pernicious; extremely destructive or harmful;(The new government feared that the Communist sympathizers would have a pernicious influence on the nation’s stability.);
perplex; to confuse;(Brad was perplexed by his girlfriend’s suddenly distant manner.);
perspicacity;shrewdness, perceptiveness;(The detective was too humble to acknowledge that his perspicacity was the reason for his professional success.)
pert;flippant, bold;(My parents forgave Sandra’s pert humor at the dinner table because it had been so long since they had last seen her.)
pertinacious; stubbornly persistent;(Harry’s parents were frustrated with his pertinacious insistence that a monster lived in his closet. Then they opened the closet door and were eaten.);
perusal;a careful examination, review;(The actor agreed to accept the role after a two-month perusal of the movie script.)
pervasive;having the tendency to spread throughout;(Stepping off the plane in Havana, I recognized the pervasive odor of sugar cane fields on fire.)
petulance;rudeness, irritability;(The Nanny resigned after she could no longer tolerate the child’s petulance.)
philanthropic;charitable, giving;(Many people felt that the billionaire’s decision to donate her fortune to house the homeless was the ultimate philanthropic act.)
phlegmatic;uninterested, unresponsive;(Monique feared her dog was ill after the animal’s phlegmatic response to his favorite chew toy.)
pillage;to seize or plunder, especially in war;(Invading enemy soldiers pillaged the homes scattered along the country’s border.)
pinnacle; the highest point;(Book reviewers declared that the author’s new novel was extraordinary and probably the pinnacle of Western literature.);
pithy; concisely meaningful;(My father’s long-winded explanation was a stark contrast to his usually pithy statements.);
pittance;a very small amount, especially relating to money;(Josh complained that he was paid a pittance for the great amount of work he did at the firm.)
placate;to ease the anger of, soothe;(The man purchased a lollipop to placate his irritable son.)
placid;calm, peaceful;(The placid lake surface was as smooth as glass.)
platitude;an uninspired remark, cliché;(After reading over her paper, Helene concluded that what she thought were profound insights were actually just platitudes.)
plaudits;enthusiastic approval, applause;(The controversial new film received plaudits from even the harshest critics.)
plausible;believable, reasonable;(He studied all the data and then came up with a plausible theory that took all factors into account.)
plenitude; an abundance;(My grandmother was overwhelmed by the plenitude of tomatoes her garden yielded this season.);
pliable; flexible;(Aircraft wings are designed to be somewhat pliable so they do not break in heavy turbulence.);
poignant;deeply affecting, moving;(My teacher actually cried after reading to us the poignant final chapter of the novel.)
polemic; an aggressive argument against a specific opinion;(My brother launched into a polemic against my arguments that capitalism was an unjust economic system.);
portent;an omen;(When a black cat crossed my sister’s path while she was walking to school, she took it as a portent that she would do badly on her spelling test.)
plethora;an abundance, excess;(The wedding banquet included a plethora of oysters piled almost three feet high.)
potable; suitable for drinking;(During sea voyages it is essential that ships carry a supply of potable water because salty ocean water makes anyone who drinks it sick.);
potentate;one who has great power, a ruler;(All the villagers stood along the town’s main road to observe as the potentate’s procession headed towards the capital.)
pragmatic;practical;(The politician argued that while increased security measures might not fit with the lofty ideals of the nation, they were a pragmatic necessity to ensure everyone’s safety.)
precipice;the face of a cliff, a steep or overhanging place;(The mountain climber hung from a precipice before finding a handhold and pulling himself up.)
preclude; to prevent;(My grandfather’s large and vicious guard dog precluded anyone from entering the yard.);
precocious;advanced, developing ahead of time;(Derek was so academically precocious that by the time he was 10 years old, he was already in the ninth grade.)
predilection;a preference or inclination for something;(Francois has a predilection for eating scrambled eggs with ketchup, though I prefer to eat eggs without any condiments.)
preponderance; superiority in importance or quantity;(Britain’s preponderance of naval might secured the nation’s role as a military power.);
prepossessing; occupying the mind to the exclusion of other thoughts or feelings;(His prepossessing appearance made it impossible for me to think of anything else.);
presage;an omen;(When my uncle’s old war injury ached, he interpreted it as a presage of bad weather approaching.)
prescient;to have foreknowledge of events;(Questioning the fortune cookie’s prediction, Ray went in search of the old hermit who was rumored to be prescient.)
prescribe; to lay down a rule;(The duke prescribed that from this point further all of the peasants living on his lands would have to pay higher taxes.);
presumptuous;disrespectfully bold;(The princess grew angry after the presumptuous noble tried to kiss her, even though he was far below her in social status.)
pretense;an appearance or action intended to deceive;(Though he actually wanted to use his parents’ car to go on a date, Nick borrowed his parents’ car under the pretense of attending a group study session.)
primeval;original, ancient;(The first primates to walk on two legs, called Australopithecus, were the primeval descendants of modern man.)
privation;lacking basic necessities;(After decades of rule by an oppressive government that saw nothing wrong with stealing from its citizens, the recent drought only increased the people’s privation.)
probity;virtue, integrity;(Because he was never viewed as a man of great probity, no one was surprised by Mr. Samson’s immoral behavior.)
proclivity;a strong inclination toward something;(In a sick twist of fate, Harold’s childhood proclivity for torturing small animals grew into a desire to become a surgeon.)
procure;to obtain, acquire;(The FBI was unable to procure sufficient evidence to charge the gangster with racketeering.)
profane;lewd, indecent;(Jacob’s profane act of dumping frogs in the holy water in the chapel at his boarding school resulted in his dismissal.)
profligate;dissolute, extravagant;(The profligate gambler loved to drink, spend money, steal, cheat, and hang out with prostitutes.)
profuse;plentiful, abundant;(The fans were profuse in their cheers for the star basketball player.)
propagate;to multiply, spread out;(Rumors of Paul McCartney’s demise propagated like wildfire throughout the world.)
propensity;an inclination, preference;(Dermit has a propensity for dangerous activities such as bungee jumping.)
propitious; favorable;(The dark storm clouds visible on the horizon suggested that the weather would not be propitious for sailing.);
propriety;the quality or state of being proper, decent;(Erma’s old-fashioned parents believed that her mini-skirt lacked the propriety expected of a “nice” girl.)
promulgate;to proclaim, make known;(The film professor promulgated that both in terms of sex appeal and political intrigue, Sean Connery’s James Bond was superior to Roger Moore’s.)
prosaic;plain, lacking liveliness;(Heather’s prosaic recital of the poem bored the audience.)
proscribe;to condemn, outlaw;(The town council voted to proscribe the sale of alcohol on weekends.)
protean; able to change shape;displaying great variety;(Among Nigel’s protean talents was his ability to touch the tip of his nose with his tongue.)
prowess;extraordinary ability;(The musician had never taken a guitar lesson in his life, making his prowess with the instrument even more incredible.)
prudence;cautious, circumspect;(After losing a fortune in a stock market crash, my father vowed to practice greater prudence in future investments.)
prurient; eliciting or possessing an extraordinary interest in sex;(David’s mother was shocked by the discovery of prurient reading material hidden beneath her son’s mattress.);
puerile;juvenile, immature;(The judge demanded order after the lawyer’s puerile attempt to object by stomping his feet on the courtroom floor.)
pugnacious;quarrelsome, combative;(Aaron’s pugnacious nature led him to start several barroom brawls each month.)
pulchritude; physical beauty;(Several of Shakespeare’s sonnets explore the pulchritude of a lovely young man.);
punctilious;eager to follow rules or conventions;(Punctilious Bobby, hall monitor extraordinaire, insisted that his peers follow the rules.)
pungent;having a pointed, sharp quality—often used to describe smells;(The pungent odor in the classroom made Joseph lose his concentration during the test.)
punitive;involving punishment;(If caught smoking in the boys’ room, the punitive result is immediate expulsion from school.)
putrid;rotten, foul;(Those rotten eggs smell putrid.)
quagmire; a difficult situation;(We’d all like to avoid the kind of military quagmire characterized by the Vietnam War.);
quaint; charmingly old-fashioned;(Hilda was delighted by the quaint bonnets she saw in Amish country.);
quandary;a perplexed, unresolvable state;(Carlos found himself in a quandary: should he choose mint chocolate chip or cookie dough?)
quell; to control or diffuse a potentially explosive situation;(The skilled leader deftly quelled the rebellion.);
querulous;whiny, complaining;(If deprived of his pacifier, young Brendan becomes querulous.)
quixotic;idealistic, impractical;(Edward entertained a quixotic desire to fall in love at first sight in a laundromat.)
quotidian; daily;(Ambika’s quotidian routines include drinking two cups of coffee in the morning.);
rail;to scold, protest;(The professor railed against the injustice of the college’s tenure policy.)
rancid; having a terrible taste or smell;(Rob was double-dog-dared to eat the rancid egg salad sandwich.);
rancor;deep, bitter resentment;(When Eileen challenged me to a fight, I could see the rancor in her eyes.)
rapport;mutual understanding and harmony;(When Margaret met her paramour, they felt an instant rapport.)
rash;hasty, incautious;(It’s best to think things over calmly and thoroughly, rather than make rash decisions.)
raze;to demolish, level;(The old tenement house was razed to make room for the large chain store.)
rebuke;to scold, criticize;(When the cops showed up at Sarah’s party, they rebuked her for disturbing the peace.)
recalcitrant;defiant, unapologetic;(Even when scolded, the recalcitrant young girl simply stomped her foot and refused to finish her lima beans.)
recapitulate;to sum up, repeat;(Before the final exam, the teacher recapitulated the semester’s material.)
raucous;loud, boisterous;(Sarah’s neighbors called the cops when her house party got too raucous.)
reciprocate;to give in return;(When Steve gave Samantha a sweater for Christmas, she reciprocated by giving him a kiss.)
reclusive;solitary, shunning society;(Reclusive authors such as J.D. Salinger do not relish media attention and sometimes even enjoy holing up in remote cabins in the woods.)
rectitude;uprightness, extreme morality;(The priest’s rectitude gave him the moral authority to counsel his parishioners.)
refract;to distort, change;(The light was refracted as it passed through the prism.)
refurbish;to restore, clean up;(The dingy old chair, after being refurbished, commanded the handsome price of $200.)
refute; to prove wrong;(Maria refuted the president’s argument as she yelled and gesticulated at the TV.);
relish; to enjoy;(Pete always relished his bedtime snack.);
remedial;intended to repair gaps in students’ basic knowledge;(After his teacher discovered he couldn’t read, Alex was forced to enroll in remedial English.)
remiss;negligent, failing to take care;(The burglar gained entrance because the security guard, remiss in his duties, forgot to lock the door.)
renown;honor, acclaim;(The young writer earned international renown by winning the Pulitzer Prize.)
renunciation;to reject;(Fiona’s renunciation of red meat resulted in weight loss, but confused those people who thought she’d been a vegetarian for years.)
repentant;penitent, sorry;(The repentant Dennis apologized profusely for breaking his mother’s vase.)
replete;full, abundant;(The unedited version was replete with naughty words.)
repose;to rest, lie down;(The cat, after eating an entire can of tuna fish, reposed in the sun and took a long nap.)
reprehensible; deserving rebuke;(Jean’s cruel and reprehensible attempt to dump her boyfriend on his birthday led to tears and recriminations.);
reprieve;a temporary delay of punishment;(Because the governor woke up in a particularly good mood, he granted hundreds of reprieves to prisoners.)
reproach;to scold, disapprove;(Brian reproached the customer for failing to rewind the video he had rented.)
reprobate;evil, unprincipled;(The reprobate criminal sat sneering in the cell.)
reprove;to scold, rebuke;(Lara reproved her son for sticking each and every one of his fingers into the strawberry pie.)
reputable;of good reputation;(After the most reputable critic in the industry gave the novel a glowing review, sales took off.)
requisition;a demand for goods, usually made by an authority;(During the war, the government made a requisition of supplies.)
rescind;to take back, repeal;(The company rescinded its offer of employment after discovering that Jane’s resume was full of lies.)
repudiate;to reject, refuse to accept;(Kwame made a strong case for an extension of his curfew, but his mother repudiated it with a few biting words.)
resilient; able to recover from misfortune;able to withstand adversity;(The resilient ballplayer quickly recovered from his wrist injury.)
resolute;firm, determined;(With a resolute glint in her eye, Catherine announced that she was set on going to college in New York City even though she was a little frightened of tall buildings.)
respite;a break, rest;(Justin left the pub to gain a brief respite from the smoke and noise.)
resplendent;shiny, glowing;(The partygoers were resplendent in diamonds and fancy dress.)
restitution; restoration to the rightful owner;(Many people feel that descendants of slaves should receive restitution for the sufferings of their ancestors.);
restive;resistant, stubborn, impatient;(The restive audience pelted the band with mud and yelled nasty comments.)
retract;withdraw;(As the media worked itself into a frenzy, the publicist hurriedly retracted his client’s sexist statement.)
revel; to enjoy intensely;(Theodore reveled in his new status as Big Man on Campus.);
revere;to esteem, show deference, venerate;(The doctor saved countless lives with his combination of expertise and kindness and became universally revered.)
revoke;to take back;(After missing the curfew set by the court for eight nights in a row, Marcel’s freedom of movement was revoked.)
rhapsodize;to engage in excessive enthusiasm;(The critic rhapsodized about the movie, calling it an instant classic.)
ribald;coarsely, crudely humorous;(While some giggled at the ribald joke involving a parson’s daughter, most sighed and rolled their eyes.)
rife;abundant;(Surprisingly, the famous novelist’s writing was rife with spelling errors.)
ruminate;to contemplate, reflect;(Terry liked to ruminate while sitting on the banks of the river, staring pensively into the water.)
ruse; a trick;(Oliver concocted an elaborate ruse for sneaking out of the house to meet his girlfriend while simultaneously giving his mother the impression that he was asleep in bed.);
saccharine;sickeningly sweet;(Tom’s saccharine manner, although intended to make him popular, actually repelled his classmates.)
sacrosanct;holy, something that should not be criticized;(In the United States, the Constitution is often thought of as a sacrosanct document.)
sagacity;shrewdness, soundness of perspective;(With remarkable sagacity, the wise old man predicted and thwarted his children’s plan to ship him off to a nursing home.)
salient;significant, conspicuous;(One of the salient differences between Alison and Nancy is that Alison is a foot taller.)
salutation; a greeting;(Andrew regularly began letters with the bizarre salutation “Ahoy ahoy.”);
salve;a soothing balm;(After Tony applied a salve to his brilliant red sunburn, he soon felt a little better.)
sanguine;optimistic, cheery;(Polly reacted to any bad news with a sanguine smile and the chirpy cry, “When life hands you lemons, make lemonade!”)
satiate;to satisfy excessively;(Satiated after eating far too much turkey and stuffing, Liza lay on the couch watching football and suffering from stomach pains.)
scathing;sharp, critical, hurtful;(Two hours after breaking up with Russell, Suzanne thought of the perfect scathing retort to his accusations.)
sanctimonious;giving a hypocritical appearance of piety;(The sanctimonious Bertrand delivered stern lectures on the Ten Commandments to anyone who would listen, but thought nothing of stealing cars to make some cash on the side.)
scintillating; sparkling;(The ice skater’s scintillating rhinestone costume nearly blinded the judges.);
scrupulous;painstaking, careful;(With scrupulous care, Sam cut a snowflake out of white paper.)
scurrilous;vulgar, coarse;(When Bruno heard the scurrilous accusation being made about him, he could not believe it because he always tried to be nice to everyone.)
sedentary;sitting, settled;(The sedentary cat did little but loll in the sun.)
semaphore; a visual signal;(Anne and Diana communicated with a semaphore involving candles and window shades.);
seminal;original, important, creating a field;(Stephen Greenblatt’s essays on Shakespeare proved to be seminal, because they initiated the critical school of New Historicism.)
sensual;involving sensory gratification, usually related to sex;(With a coy smile, the guest on the blind-date show announced that he considered himself a very sensual person.)
sensuous;involving sensory gratification;(Paul found drinking Coke, with all the little bubbles bursting on his tongue, a very sensuous experience.)
serendipity;luck, finding good things without looking for them;(In an amazing bit of serendipity, penniless Paula found a $20 bill in the subway station.)
serene;calm, untroubled;(Louise stood in front of the Mona Lisa, puzzling over the famous woman’s serene smile.)
servile;subservient;(The servile porter crept around the hotel lobby, bowing and quaking before the guests.)
sinuous;lithe, serpentine;(With the sinuous movements of her arms, the dancer mimicked the motion of a snake.)
sobriety;sedate, calm;(Jason believed that maintaining his sobriety in times of crisis was the key to success in life.)
solicitous;concerned, attentive;(Jim, laid up in bed with a nasty virus, enjoyed the solicitous attentions of his mother, who brought him soup and extra blankets.)
solipsistic; believing that oneself is all that exists;(Colette’s solipsistic attitude completely ignored the plight of the homeless people on the street.);
soluble; able to dissolve;(The plot of the spy film revolved around an untraceable and water-soluble poison.);
somnolent;sleepy, drowsy;(The somnolent student kept falling asleep and waking up with a jerk.)
sophomoric;immature, uninformed;(The mature senior rolled her eyes at the sophomoric gross-out humor of the underclassman.)
sovereign;having absolute authority in a certain realm;(The sovereign queen, with steely resolve, ordered that the traitorous nobleman be killed.)
speculative;not based in fact;(Sadly, Tessa was convicted on merely speculative evidence.)
spurious;false but designed to seem plausible;(Using a spurious argument, John convinced the others that he had won the board game on a technicality.)
stagnate;to become or remain inactive, not develop, not flow;(With no room for advancement, the waiter’s career stagnated.)
staid;sedate, serious, self-restrained;(The staid butler never changed his expression no matter what happened.)
stingy;not generous, not inclined to spend or give;(Scrooge’s stingy habits did not fit with the generous, giving spirit of Christmas.)
stolid;expressing little sensibility, unemotional;(Charles’s stolid reaction to his wife’s funeral differed from the passion he showed at the time of her death.)
strenuous; requiring tremendous energy or stamina;(Running a marathon is quite a strenuous task. So is watching an entire Star Trek marathon.);
strident;harsh, loud;(A strident man, Captain Von Trapp yelled at his daughter and made her cry.)
stupefy;to astonish, make insensible;(Veronica’s audacity and ungratefulness stupefied her best friend, Heather.)
stoic; unaffected by passion or feeling;(Penelope’s faithfulness to Odysseus required that she be stoic and put off her many suitors.);
subjugate;to bring under control, subdue;(The invading force captured and subjugated the natives of that place.)
sublime;lofty, grand, exalted;(The homeless man sadly pondered his former wealth and once sublime existence.)
submissive;easily yielding to authority;(In some cultures, wives are supposed to be submissive and support their husbands in all matters.)
succinct; marked by compact precision;(The governor’s succinct speech energized the crowd while the mayor’s rambled on and on.);
superfluous; exceeding what is necessary;(Tracy had already won the campaign so her constant flattery of others was superfluous.);
surfeit;an overabundant supply or indulgence;(After partaking of the surfeit of tacos and tamales at the All-You-Can-Eat Taco Tamale Lunch Special, Beth felt rather sick.)
surmise;to infer with little evidence;(After speaking to only one of the students, the teacher was able to surmise what had caused the fight.)
surreptitious; stealthy;(The surreptitious CIA agents were able to get in and out of the house without anyone noticing.);
surrogate; one acting in place of another;(The surrogate carried the child to term for its biological parents.);
swarthy;of dark color or complexion;(When he got drunk, Robinson’s white skin became rather swarthy.)
sycophant;one who flatters for self-gain;(Some see the people in the cabinet as the president’s closest advisors, but others see them as sycophants.)
tacit; expressed without words;(I interpreted my parents’ refusal to talk as a tacit acceptance of my request.);
taciturn;not inclined to talk;(Though Jane never seems to stop talking, her brother is quite taciturn.)
tangential;incidental, peripheral, divergent;(I tried to discuss my salary, but the boss kept veering off into tangential topics.)
tantamount;equivalent in value or significance;(When it comes to sports, fearing your opponent is tantamount to losing.)
tedious;dull, boring;(As time passed and the history professor continued to drone on and on, the lecture became increasingly tedious.)
temerity;audacity, recklessness;(Tom and Huck entered the scary cave armed with nothing but their own temerity.)
temperance; moderation in action or thought;(Maintaining temperance will ensure that you are able to think rationally and objectively.);
tenable;able to be defended or maintained;(The department heads tore down the arguments in other people’s theses, but Johari’s work proved to be quite tenable.)
tenuous;having little substance or strength;(Your argument is very tenuous, since it relies so much on speculation and hearsay.)
terrestrial; relating to the land;(Elephants are terrestrial animals.);
timorous;timid, fearful;(When dealing with the unknown, timorous Tallulah almost always broke into tears.)
tirade;a long speech marked by harsh or biting language;(Every time Jessica was late, her boyfriend went into a long tirade about punctuality.)
toady; one who flatters in the hope of gaining favors;(The other kids referred to the teacher’s pet as the Tenth Grade Toady.);
tome;a large book;(In college, I used to carry around an anatomy book that was the heaviest tome in my bag.)
torpid;lethargic, dormant, lacking motion;(The torpid whale floated, wallowing in the water for hours.)
tortuous;winding;(The scary thing about driving in mountains are the narrow, tortuous roads.)
tractable;easily controlled;(The horse was so tractable, Myra didn’t even need a bridle.)
tranquil; calm;(There is a time of night when nothing moves and everything is tranquil.);
transgress;to violate, go over a limit;(The criminal’s actions transgressed morality and human decency.)
torrid;giving off intense heat, passionate;(I didn’t want to witness the neighbor’s torrid affair through the window.)
transient;passing through briefly;passing into and out of existence
transmute; to change or alter in form;(Ancient alchemists believed that it was possible to transmute lead into gold.);
travesty;a grossly inferior imitation;(According to the school newspaper’s merciless theater critic, Pacific Coast High’s rendition of the musical Oklahoma was a travesty of the original.)
tremulous; fearful;(I always feel a trifle tremulous when walking through a graveyard.);
trenchant;effective, articulate, clear-cut;(The directions that accompanied my new cell phone were trenchant and easy to follow.)
trepidation;fear, apprehension;(Feeling great trepidation, Anya refused to jump into the pool because she thought she saw a shark in it.)
trite;not original, overused;(Keith thought of himself as being very learned, but everyone else thought he was trite because his observations about the world were always the same as David Letterman’s.)
truculent;ready to fight, cruel;(This club doesn’t really attract the dangerous types, so why was that bouncer being so truculent?)
truncate;to shorten by cutting off;(After winning the derby, the jockey truncated the long speech he had planned and thanked only his mom and his horse.)
turgid;swollen, excessively embellished in style or language;(The haughty writer did not realize how we all really felt about his turgid prose.)
turpitude;depravity, moral corruption;(Sir Marcus’s chivalry often contrasted with the turpitude he exhibited with the ladies at the tavern.)
ubiquitous;existing everywhere, widespread;(It seems that everyone in the United States has a television. The technology is ubiquitous here.)
umbrage;resentment, offense;(He called me a lily-livered coward, and I took umbrage at the insult.)
uncanny; of supernatural character or origin;(Luka had an uncanny ability to know exactly what other people were thinking. She also had an uncanny ability to shoot fireballs from her hands.);
unctuous;smooth or greasy in texture, appearance, manner;(The unctuous receptionist seemed untrustworthy, as if she was only being helpful because she thought we might give her a big tip.)
undulate;to move in waves;(As the storm began to brew, the placid ocean began to undulate to an increasing degree.)
upbraid; to criticize or scold severely;(The last thing Lindsay wanted was for Lisa to upbraid her again about missing the rent payment.);
usurp;to seize by force, take possession of without right;(The rogue army general tried to usurp control of the government, but he failed because most of the army backed the legally elected president.)
utilitarian;relating to or aiming at usefulness;(The beautiful, fragile vase couldn’t hold flowers or serve any other utilitarian purpose.)
utopia;an imaginary and remote place of perfection;(Everyone in the world wants to live in a utopia, but no one can agree how to go about building one.)
vacillate;to fluctuate, hesitate;(I prefer a definite answer, but my boss kept vacillating between the distinct options available to us.)
vacuous;lack of content or ideas, stupid;(Beyonce realized that the lyrics she had just penned were completely vacuous and tried to add more substance.)
vapid;lacking liveliness, dull;(The professor’s comments about the poem were surprisingly vapid and dull.)
variegated;diversified, distinctly marked;(Each wire in the engineering exam was variegated by color so that the students could figure out which one was which.)
vehemently; marked by intense force or emotion;(The candidate vehemently opposed cutting back on Social Security funding.);
validate;to confirm, support, corroborate;(Yoko’s chemistry lab partner was asleep during the experiment and could not validate the accuracy of her methods.)
veneer;a superficial or deceptively attractive appearance, façade;(Thanks to her Chanel makeup, Shannen was able to maintain a veneer of perfection that hid the flaws underneath.)
venerable; deserving of respect because of age or achievement;(The venerable Supreme Court justice had made several key rulings in landmark cases throughout the years.);
venerate;to regard with respect or to honor;(The tribute to John Lennon sought to venerate his music, his words, and his legend.)
veracity;truthfulness, accuracy;(With several agencies regulating the reports, it was difficult for Latifah to argue against its veracity.)
verbose;wordy, impaired by wordiness;(It took the verbose teacher two hours to explain the topic, while it should have taken only fifteen minutes.)
verdant; green in tint or color;(The verdant leaves on the trees made the world look emerald.);
vestige; a mark or trace of something lost or vanished;(Do you know if the Mexican tortilla is a vestige of some form of Aztec corn-based flat bread?);
vex; to confuse or annoy;(My little brother vexes me by poking me in the ribs for hours on end.);
vicarious; experiencing through another;(All of my lame friends learned to be social through vicarious involvement in my amazing experiences.);
vicissitude; event that occurs by chance;(The vicissitudes of daily life prevent me from predicting what might happen from one day to the next.);
vigilant;watchful, alert;(The guards remained vigilant throughout the night, but the enemy never launched the expected attack.)
vilify;to lower in importance, defame;(After the Watergate scandal, almost any story written about President Nixon sought to vilify him and criticize his behavior.)
vindicate; to avenge;to free from allegation;to set free
vindictive;vengeful;(The vindictive madman seeks to exact vengeance for any insult that he perceives is directed at him, no matter how small.)
virtuoso;one who excels in an art;a highly skilled musical performer
viscous;not free flowing, syrupy;(The viscous syrup took three minutes to pour out of the bottle.)
vitriolic;having a caustic quality;(When angry, the woman would spew vitriolic insults.)
vituperate;to berate;(Jack ran away as soon as his father found out, knowing he would be vituperated for his unseemly behavior.)
vivacious;lively, sprightly;(The vivacious clown makes all of the children laugh and giggle with his friendly antics.)
vocation;the work in which someone is employed, profession;(After growing tired of the superficial world of high-fashion, Edwina decided to devote herself to a new vocation: social work.)
vociferous;loud, boisterous;(I’m tired of his vociferous whining so I’m breaking up with him.)
wallow; to roll oneself indolently;to become or remain helpless;(My roommate can’t get over her breakup with her boyfriend and now just wallows in self-pity.)
wane;to decrease in size, dwindle;(Don’t be so afraid of his wrath because his influence with the president is already beginning to wane.)
wanton;undisciplined, lewd, lustful;(Vicky’s wanton demeanor often made the frat guys next door very excited.)
wily;crafty, sly;(Though they were not the strongest of the Thundercats, wily Kit and Kat were definitely the most clever and full of tricks.)
winsome;charming, pleasing;(After such a long, frustrating day, I was grateful for Chris’s winsome attitude and childish naivete.)
wistful;full of yearning;musingly sad
wizened;dry, shrunken, wrinkled;(Agatha’s grandmother, Stephanie, had the most wizened countenance, full of leathery wrinkles.)
wrath;vengeful anger, punishment;(Did you really want to incur her wrath when she is known for inflicting the worst punishments legally possible?)
whimsical;fanciful, full of whims;(The whimsical little girl liked to pretend that she was an elvin princess.)
yoke;to join, link;(We yoked together the logs by tying a string around them.)
zealous;fervent, filled with eagerness in pursuit of something;(If he were any more zealous about getting his promotion, he’d practically live at the office.)
zenith;the highest point, culminating point;(I was too nice to tell Nelly that she had reached the absolute zenith of her career with that one hit of hers.)
zephyr;a gentle breeze;(If not for the zephyrs that were blowing and cooling us, our room would’ve been unbearably hot.)
